latitude,longitude,band,relief_m,elevation_std_m,slope_mean,slope_std,slope_p90,slope_p99,slope_max,unstable_fraction,excess_total_m,excess_max_m,toppled_fraction,mass_moved_m,max_change_m,initial_excess_m,residual_excess_m,excess_relieved_fraction,residual_unstable_fraction,iterations,converged,grid_spacing_y_m,grid_spacing_x_m,nodata_fraction,hemisphere
26.63684539668393,-179.3515625,20,319.0,67.18509753985849,0.09684794754947343,0.05775341859353612,0.17477879265567386,0.2745385217378771,0.38808859458512973,0.0,0.0,0.0,0.0,0.0,0.0,0.0,0.0,1.0,0.0,0,True,59.225293799972235,52.93948298066018,0.0,farside
-28.21697271744572,-179.318359375,8,857.5,247.93628699986843,0.12968586084733608,0.08015176533945469,0.23752035133141064,0.30877338730860643,0.4443898385655953,0.0,0.0,0.0,0.0,0.0,0.0,0.0,0.0,1.0,0.0,0,True,59.225293799972235,52.1871630139244,0.0,farside
12.379652013084048,-178.93359375,16,1434.0,343.5675104267064,0.17290622350230717,0.08722313942160911,0.29285277835824675,0.4025881375536353,0.6163890536299118,0.0006103515625,11.958955455984551,3.121579621332046,0.0008544921875,9.150093445374296,1.9323694319950846,11.958955455984551,3.237914825149346e-09,0.9999999997292477,0.00054931640625,259,True,59.22529380002046,57.84821556094966,0.0,farside
40.00950383082666,-177.173828125,24,619.0,91.67922496706913,0.10553354212243879,0.09581951589817447,0.23158600637624077,0.43836895941184256,0.5763940355435999,0.0,0.0,0.0,0.0,0.0,0.0,0.0,0.0,1.0,0.0,0,True,59.225293800165126,45.36289191073173,0.0,farside
-28.260032363701665,-177.12109375,7,1384.0,273.77898656017555,0.18161015265118324,0.07293312670345209,0.2733920671515818,0.35025125136599133,0.4458145659775532,0.0,0.9001582529323677,0.9001582529323677,6.103515625e-05,0.4500791261048107,0.4500791261048107,0.9001582529323677,7.227463072467799e-10,0.9999999991970897,0.0,41,True,59.22529380006868,52.16610354777753,0.0,farside
-17.326249227274616,-176.802734375,10,370.0,36.23233546499181,0.049196220716258926,0.03981614105751181,0.10333063565668574,0.18636961655737275,0.397405405787772,0.0,0.0,0.0,0.0,0.0,0.0,0.0,0.0,1.0,0.0,0,True,59.225293799972235,56.53791419138726,0.0,farside
-16.271460111541803,-176.20703125,11,1380.0,331.67235287269983,0.17319264213868146,0.07741124881608831,0.2730382358085833,0.3744302289131403,0.5472429798212,0.0,5.414422134183418,3.6958055522557984,0.000244140625,2.7072110666226763,1.8479027758075972,5.414422134183418,9.380656251778419e-10,0.9999999998267468,0.0,44,True,59.225293799972235,56.85302330631578,0.0,farside
-28.21697271744572,-175.509765625,8,542.0,126.70460942474313,0.0969083515470549,0.0543277130108735,0.17294878353474155,0.23962581450691486,0.3688888093560216,0.0,1.3880069409656244,1.3880069409656244,6.103515625e-05,0.6940034701488003,0.6940034701488003,1.3880069409656244,6.680238584522158e-10,0.9999999995187172,0.0,42,True,59.225293799972235,52.1871630139244,0.0,farside
18.160694467641463,-174.794921875,19,1549.0,347.80359111729103,0.2632462088930066,0.159793709202679,0.497512640627232,0.5966139363641962,0.7389097167120744,0.018310546875,862.3208506597628,17.029295843501444,0.02032470703125,534.7777380752045,13.858591687000171,862.3208506597628,8.658631145408435e-09,0.9999999999899589,0.01849365234375,1774,True,59.22529380006868,56.27505053119334,0.0,farside
-17.326249227274616,-174.638671875,10,1046.0,200.16677453168282,0.19193134435797593,0.10866127193205322,0.3203493100901193,0.5248218742382983,0.7320162562649746,0.0010986328125,110.48502548185705,29.704628988985576,0.00146484375,48.63074393356328,9.902642200826904,110.48502548185705,1.8542465340942726e-09,0.9999999999832172,0.0008544921875,102,True,59.225293799972235,56.53791419138726,0.0,farside
31.74338426056943,-173.853515625,21,1080.5,292.0078845686517,0.1679061886113385,0.07212661839662557,0.26054577618668173,0.34094502869424487,0.5375534526010725,0.0,0.0,0.0,0.0,0.0,0.0,0.0,0.0,1.0,0.0,0,True,59.225293799972235,50.36595855401552,0.0,farside
18.160694467641463,-171.4765625,19,2045.0,461.2272559287749,0.23573629676798774,0.12423539205159359,0.3932907608539746,0.48246965258573726,0.6072942618011011,0.00048828125,20.953361571825923,5.327005477360373,0.0008544921875,11.14018352290077,2.6635027386796537,20.953361571825923,3.3838460922197555e-09,0.9999999998385058,0.0003662109375,95,True,59.22529380006868,56.27505053119334,0.0,farside
-8.485307680663237,-171.1953125,13,183.0,17.80529702261818,0.0772157424575178,0.07910429444384863,0.16915840202795737,0.4044068302982897,0.5533302039820882,0.0,0.7010721820555474,0.7010721820555474,6.103515625e-05,0.350536090559217,0.350536090559217,0.7010721820555474,9.371134979119233e-10,0.9999999986633138,0.0,40,True,59.22529380002046,58.576997951376875,0.0,farside
-50.18634058551348,-170.689453125,1,1394.0,329.4932635395553,0.24042210744461387,0.11259572741750752,0.38690137271673697,0.49749393453342133,0.714108105340526,0.0015869140625,577.4070815441072,15.61927623742623,0.00885009765625,279.28745188582616,7.809638118226758,577.4070815441072,3.3327630433177546e-08,0.9999999999422805,0.0001220703125,46,True,59.225293799972235,37.921531650907745,0.0,farside
-8.485307680663237,-170.166015625,13,2458.5,543.7950520425758,0.34850838001073997,0.15181544891459858,0.5292769296500408,0.5952538169913902,0.7571660527778534,0.01953125,820.7981079864953,20.528077659443746,0.017822265625,415.7674426907479,9.367738848721274,820.7981079864953,3.7365381899689964e-09,0.9999999999954476,0.01824951171875,277,True,59.22529380002046,58.576997951376875,0.0,farside
31.84621225618417,-168.783203125,22,1689.0,406.2434360178433,0.2164093846562387,0.08883417412904865,0.329843155889406,0.4578594241596128,0.5903303113223732,0.00018310546875,43.80794816071297,18.827005477416023,0.00054931640625,21.90397407953742,9.413502738355874,43.80794816071297,1.6381278555854806e-09,0.9999999999626066,0.0001220703125,47,True,59.225293799972235,50.30995617317594,0.0,farside
12.379652013084048,-168.44921875,16,1039.0,190.72585013016493,0.15692747972887452,0.082651162675125,0.27535055853803564,0.36637462852084807,0.5116565936205741,0.0,4.327005477388198,4.327005477388198,6.103515625e-05,2.163502738319494,2.163502738319494,4.327005477388198,7.492104714401648e-10,0.9999999998268524,0.0,44,True,59.22529380002046,57.84821556094966,0.0,farside
15.199349518928132,-167.98828125,17,1551.0,389.82262851945575,0.22008088007862966,0.10135917936134835,0.3557404121465314,0.42374514247227535,0.5390141548459428,0.0,5.894190182213087,2.827005477416023,0.000244140625,2.9470950902550612,1.4135027382999397,5.894190182213087,1.7029648802235897e-09,0.9999999997110773,0.0,43,True,59.225293799972235,57.15356169566894,0.0,farside
18.160694467641463,-164.943359375,19,1078.5,217.01686177161199,0.1673730233094279,0.0822488674672866,0.2803296872217522,0.37200322484077847,0.5833508381104581,6.103515625e-05,64.74189848522508,60.712602641723635,0.0001220703125,18.00480199103822,15.99015406941362,64.74189848522508,9.490719321547658e-10,0.9999999999853407,0.0,46,True,59.22529380006868,56.27505053119334,0.0,farside
-28.260032363701665,-163.15625,7,794.5,182.4014226122781,0.12502979839949846,0.060943403603291764,0.20876541873109816,0.28091150466693254,0.3708114430127079,0.0,0.0,0.0,0.0,0.0,0.0,0.0,0.0,1.0,0.0,0,True,59.22529380006868,52.16610354777753,0.0,farside
4.732929733319391,-160.96484375,15,208.5,21.392324536768363,0.08392143256877016,0.07802771814271448,0.17968957712943495,0.3966139205420306,0.5225549323755785,0.0,2.274123851615002,0.9435309629037505,0.000244140625,1.137061924894624,0.4717654810729073,2.274123851615002,1.8257537703902926e-09,0.9999999991971616,0.0,41,True,59.22529380002046,59.023343218537704,0.0,farside
-18.96317492817754,-160.15625,9,1024.0,259.17776372625343,0.15745455606037603,0.07151897057728801,0.2486365097265711,0.3590491736370392,0.49760952980657364,0.0,5.726619650870248,2.181654912717562,0.000244140625,2.86330982460845,1.0908274560438258,5.726619650870248,1.653347680985462e-09,0.9999999997112873,0.0,43,True,59.225293799972235,56.01099668506489,0.0,farside
15.199349518928132,-159.34765625,17,1947.0,467.6321639724481,0.23333925502660324,0.08794718138554654,0.33493122911251766,0.42608690878542693,1.211483524733926,0.000244140625,350.6798171902782,345.6988007580301,0.00030517578125,76.44084376274509,73.95033554662018,350.6798171902782,1.6300845118166762e-09,0.9999999999953516,6.103515625e-05,99,True,59.225293799972235,57.15356169566894,0.0,farside
-31.017135333423887,-158.525390625,4,1333.5,371.880382538618,0.1778868622996855,0.07270782798203146,0.271840373333651,0.34990641352477386,0.4527628771472864,0.0,0.0,0.0,0.0,0.0,0.0,0.0,0.0,1.0,0.0,0,True,59.225293799972235,50.75686039409525,0.0,farside
12.379652013084048,-158.3984375,16,3005.5,887.2700837237162,0.4061271041616876,0.16396914546344948,0.5753866634713527,0.6476258036880862,0.8009047775008135,0.09625244140625,1777.9909868490156,24.448585098720244,0.04925537109375,1013.7993270116758,12.713502738670286,1777.9909868490156,8.430987463725614e-09,0.9999999999952581,0.0972900390625,1225,True,59.22529380002046,57.84821556094966,0.0,farside
-28.260032363701665,-157.658203125,7,1627.5,320.5617100318363,0.16828164274040827,0.07292687014243529,0.24166462732358143,0.3433945353464542,3.071944245755961,0.00048828125,1402.2356603985313,1081.4543274605855,0.00067138671875,308.62831512930734,239.02331045378332,1402.2356603985313,2.1594672716673813e-09,0.99999999999846,0.000244140625,179,True,59.22529380006868,52.16610354777753,0.0,farside
-37.20400040774718,-155.03125,2,600.5,109.54219987274094,0.10518326764876722,0.07965309220178676,0.21303725147227864,0.3461306583918317,0.5533793903779416,0.0,15.390265668225226,7.827005477416023,0.00018310546875,7.6951328333125275,3.913502738300849,15.390265668225226,1.600170662641176e-09,0.9999999998960271,0.0,45,True,59.225293799972235,47.17221820553796,0.0,farside
-31.017135333423887,-153.36328125,4,212.0,27.90096640506791,0.05654713609379523,0.03630983390648332,0.10426659480240554,0.1774344050220835,0.2782005817366032,0.0,0.0,0.0,0.0,0.0,0.0,0.0,0.0,1.0,0.0,0,True,59.225293799972235,50.75686039409525,0.0,farside
40.00950383082666,-152.55078125,24,1073.5,199.92617108405094,0.14701290360964203,0.07666477419678869,0.23711276415934895,0.38594453649149485,0.7766312702778926,0.00103759765625,39.884170512616905,8.825611367507793,0.00091552734375,19.94208525423619,4.412805683295119,39.884170512616905,4.1445211707014096e-09,0.999999999896086,0.00091552734375,45,True,59.225293800165126,45.36289191073173,0.0,farside
40.00950383082666,-151.9140625,24,1317.0,308.97990339975036,0.20102928284164578,0.11057054745016372,0.34321054104411647,0.4393603467939041,0.5868935487992367,6.103515625e-05,9.604890940062347,2.8256113675077934,0.00048828125,4.802445468644464,1.4128056833458231,9.604890940062347,2.7734188279282534e-09,0.9999999997112493,0.0,43,True,59.225293800165126,45.36289191073173,0.0,farside
40.00950383082666,-150.94140625,24,1819.5,419.53327560862385,0.22755152229241282,0.07582060052587841,0.31369189992642615,0.3813745971208464,0.5547365119428971,0.0,8.128056837538967,2.8256113675077934,0.00030517578125,4.0640284175960915,1.4128056833460505,8.128056837538967,2.3467841003821377e-09,0.9999999997112736,0.0,43,True,59.225293800165126,45.36289191073173,0.0,farside
-28.21697271744572,-149.71875,8,1481.0,362.2237284243804,0.19019111032490726,0.08388218176652969,0.28991821758977404,0.36343157200409,0.5800573512724339,6.103515625e-05,5.664020822896873,2.8880069409656244,0.00018310546875,2.8320104106305735,1.4440034700660362,5.664020822896873,1.6357262211386114e-09,0.9999999997112076,0.0,43,True,59.225293799972235,52.1871630139244,0.0,farside
-31.017135333423887,-148.189453125,4,373.5,59.54132867858761,0.07711063847791608,0.05829768260512542,0.15163413787461374,0.28642428157881467,0.4812706566014437,0.0,0.3270054774160229,0.3270054774160229,6.103515625e-05,0.1635027383435954,0.1635027383435954,0.3270054774160229,7.288321057785652e-10,0.999999997771193,0.0,39,True,59.225293799972235,50.75686039409525,0.0,farside
31.74338426056943,-148.017578125,21,1681.0,457.5566107383011,0.2326973076186273,0.12208841143136498,0.40019859079709413,0.47348783131732847,0.6217436666841321,0.00018310546875,34.11604381932818,10.827005477416023,0.00048828125,17.058021908599812,5.4135027383704255,34.11604381932818,2.1278765416354872e-09,0.9999999999376282,0.0001220703125,46,True,59.225293799972235,50.36595855401552,0.0,farside
-28.21697271744572,-147.025390625,8,2818.5,557.7835589886346,0.2714072997390573,0.10379999175905126,0.43211992158320933,0.5195484304336556,2.0416550651424084,0.0008544921875,721.9371841021904,634.9300248367633,0.00177001953125,179.62121981294382,141.02435333901764,721.9371841021904,1.925400283653289e-09,0.999999999997333,0.00054931640625,103,True,59.225293799972235,52.1871630139244,0.0,farside
15.434838190832078,-143.501953125,18,1685.5,303.88448490815,0.20981519376443522,0.11313406721090313,0.36701323681839315,0.5261218822974072,0.7077002199309461,0.003662109375,229.1178681165896,15.059497002649763,0.0032958984375,122.41591607133705,9.559497002646822,229.1178681165896,4.05421474169998e-09,0.9999999999823052,0.0032958984375,175,True,59.225293799972235,57.08925996074565,0.0,farside
-28.260032363701665,-142.958984375,7,2475.0,502.71377792205396,0.26979223566611255,0.12047351354051715,0.45247189414026334,0.5339007221830822,0.9312852249981892,0.00238037109375,115.1725868205216,16.827005477360373,0.0015869140625,50.55424999745901,10.053146148262613,115.1725868205216,1.6111485479086696e-09,0.999999999986011,0.00201416015625,93,True,59.22529380006868,52.16610354777753,0.0,farside
-18.96317492817754,-142.875,9,1005.0,166.81037678068338,0.13771291901252178,0.06816273901436684,0.2331663194600795,0.3229527713995766,0.4208131189666841,0.0,0.0,0.0,0.0,0.0,0.0,0.0,0.0,1.0,0.0,0,True,59.225293799972235,56.01099668506489,0.0,farside
-2.769746663798468,-142.076171875,14,662.0,134.40670770141358,0.15239883370281748,0.08683452214417091,0.2721697848281348,0.4213586269085094,0.5935800169661472,0.0001220703125,20.568486554667885,6.366926650666841,0.00042724609375,10.284243276265443,3.1834633250027764,20.568486554667885,2.136999910362647e-09,0.9999999998961032,0.0,45,True,59.22529379998429,59.15610632466752,0.0,farside
12.379652013084048,-141.666015625,16,841.5,182.99106347884927,0.18700395339628625,0.08404264784959786,0.2973888047404031,0.44107185655084497,0.5890299366096557,6.103515625e-05,9.845755296160732,3.827005477388198,0.0003662109375,4.922877647227324,1.9135027383626948,9.845755296160732,1.7060841628335766e-09,0.9999999998267188,0.0,44,True,59.22529380002046,57.84821556094966,0.0,farside
-50.18634058551348,-141.5,1,1664.0,418.4229769809103,0.3598912099387862,0.13818740563488593,0.5235910508494771,0.6043385807557565,0.7742313089611392,0.01922607421875,624.7040005357518,15.827005477416023,0.01202392578125,335.0308109353891,11.6095444042503,624.7040005357518,4.5463117714916734e-09,0.9999999999927225,0.0189208984375,507,True,59.225293799972235,37.921531650907745,0.0,farside
15.434838190832078,-140.396484375,18,1017.5,168.54356358549578,0.1628375871634656,0.11259638404040637,0.34637762453527426,0.46270020288552677,0.5410359871626441,0.0,0.0,0.0,0.0,0.0,0.0,0.0,0.0,1.0,0.0,0,True,59.225293799972235,57.08925996074565,0.0,farside
-16.10129022673427,-139.123046875,12,1362.0,341.3767501387061,0.1862936049411988,0.12091187698969891,0.37347256405959955,0.4526274362003654,0.8001653453993987,0.0006103515625,112.37563191857349,12.66751263837147,0.0030517578125,56.1878159557873,6.33375631879062,112.37563191857349,6.9988885798011324e-09,0.9999999999377188,0.00042724609375,46,True,59.225293799972235,56.90205781911358,0.0,farside
-28.719831063654787,-139.037109375,6,1325.5,351.0664275768653,0.29391725488486,0.13683106079433072,0.451591700405961,0.6064280217264438,0.9087954589083218,0.015869140625,1452.225917112144,37.53097076724035,0.02197265625,825.043895248166,21.802362566506844,1452.225917112144,1.1406843469785599e-08,0.9999999999921453,0.0164794921875,879,True,59.225293799972235,51.93939208450547,0.0,farside
-31.017135333423887,-136.974609375,4,261.5,50.932062694399114,0.07219807299807407,0.05058995020302909,0.1329869489087874,0.26077978935342827,0.5689861727243439,0.0,4.713291552607043,4.713291552607043,6.103515625e-05,2.356645775895231,2.356645775895231,4.713291552607043,8.165805809312587e-10,0.9999999998267494,0.0,44,True,59.225293799972235,50.75686039409525,0.0,farside
-16.10129022673427,-136.90234375,12,1237.0,310.88108425681037,0.19505492718238493,0.11024310043586787,0.31537639157863173,0.5403518398221515,0.8014680997698034,0.00323486328125,102.62030754158963,12.16751263837147,0.001953125,49.14318569080979,7.913502738223997,102.62030754158963,2.3581492314406205e-09,0.9999999999770206,0.00335693359375,176,True,59.225293799972235,56.90205781911358,0.0,farside
15.199349518928132,-136.61328125,17,1365.0,366.15153185485224,0.1888987307159325,0.07879197978334741,0.28132971119428074,0.42410780266160547,0.6337191104823842,6.103515625e-05,13.50341133384709,4.327005477416023,0.000244140625,7.085038999405697,3.6603388099038057,13.50341133384709,1.69629998936216e-09,0.9999999998743799,6.103515625e-05,99,True,59.225293799972235,57.15356169566894,0.0,farside
-18.96317492817754,-136.53515625,9,334.0,67.09036871089751,0.08518850670492001,0.04537254682356141,0.1428914581785323,0.21892491527950422,0.43499668309937833,0.0,0.0,0.0,0.0,0.0,0.0,0.0,0.0,1.0,0.0,0,True,59.225293799972235,56.01099668506489,0.0,farside
39.13346264888521,-136.357421875,23,444.0,103.83383103697524,0.08610088461718923,0.051117275313473216,0.1528014520142361,0.24847063110575754,0.40448935924039964,0.0,0.0,0.0,0.0,0.0,0.0,0.0,0.0,1.0,0.0,0,True,59.225293799972235,45.9397538305037,0.0,farside
-16.271460111541803,-136.08984375,11,1664.5,335.0896092493143,0.24936316659445124,0.15539886435721662,0.49060669658901046,0.5754911698802667,0.7164940659467065,0.0093994140625,234.14238641271263,20.327005477416023,0.00537109375,120.1133284751686,11.583531329958078,234.14238641271263,3.7230165617074817e-09,0.9999999999840994,0.0096435546875,376,True,59.225293799972235,56.85302330631578,0.0,farside
31.84621225618417,-135.791015625,22,1202.0,246.13910385559834,0.14155091872666084,0.06831558196278405,0.2339342197193055,0.3111053314831468,0.4239847400416254,0.0,0.0,0.0,0.0,0.0,0.0,0.0,0.0,1.0,0.0,0,True,59.225293799972235,50.30995617317594,0.0,farside
-18.96317492817754,-135.755859375,9,456.0,85.15915208698867,0.09433274618828746,0.05491170039509991,0.16254472782362553,0.26905748226844106,0.48103097111567517,0.0,0.0,0.0,0.0,0.0,0.0,0.0,0.0,1.0,0.0,0,True,59.225293799972235,56.01099668506489,0.0,farside
-17.326249227274616,-135.205078125,10,3801.0,888.7500726717823,0.43066750143991545,0.16137169805840632,0.5914726926051771,0.6615840339280578,1.3270249276576838,0.1549072265625,5562.902552155404,92.87762351156955,0.13702392578125,3465.9050677041087,72.58662498751437,5562.902552155404,0.0009032090212457433,0.9999998376370945,0.17230224609375,2000,False,59.225293799972235,56.53791419138726,0.0,farside
-31.017135333423887,-135.1796875,4,1485.5,304.1253015611294,0.21604220180492306,0.09275619377985686,0.33845270250507753,0.4456534269648693,0.5705664560272891,0.0,122.20676848787538,12.827005477416023,0.0020751953125,56.76505379504897,6.517134690253442,122.20676848787538,6.2345435480892775e-09,0.9999999999489837,0.0,46,True,59.225293799972235,50.75686039409525,0.0,farside
-37.20400040774718,-134.529296875,2,879.5,196.00070700726815,0.1526026769865244,0.06845096473962732,0.24903303515986225,0.3303158209339018,0.4732460149060779,0.0,0.0,0.0,0.0,0.0,0.0,0.0,0.0,1.0,0.0,0,True,59.225293799972235,47.17221820553796,0.0,farside
31.84621225618417,-133.90625,22,982.5,166.63082733424224,0.192285939035663,0.09341327719905093,0.31761279933592884,0.41998048145352807,0.5256523333946692,0.0,0.0,0.0,0.0,0.0,0.0,0.0,0.0,1.0,0.0,0,True,59.225293799972235,50.30995617317594,0.0,farside
-31.017135333423887,-133.396484375,4,984.0,254.50847822381482,0.15344368106881348,0.08141618221722154,0.2640297786699233,0.3896588943221828,0.5470750486685615,0.0,0.0,0.0,0.0,0.0,0.0,0.0,0.0,1.0,0.0,0,True,59.225293799972235,50.75686039409525,0.0,farside
-17.326249227274616,-133.28125,10,1539.5,354.6883126509175,0.22360620059138336,0.07652763683805441,0.32374857746089714,0.40087534176753825,0.5440302219039386,0.0,61.66435267354329,9.877623511569553,0.00091552734375,30.832176334849464,4.938811755476763,61.66435267354329,3.844363050120592e-09,0.9999999999376566,0.0,46,True,59.225293799972235,56.53791419138726,0.0,farside
31.74338426056943,-132.650390625,21,2099.0,521.9999885778093,0.259732849033057,0.09527662868908936,0.376811470285692,0.46356945739332733,0.5950815321740448,0.000244140625,5.135027387080115,2.327005477416023,0.00030517578125,2.5675136927984568,1.1635027383722445,5.135027387080115,1.4832011174803483e-09,0.99999999971116,0.000244140625,43,True,59.225293799972235,50.36595855401552,0.0,farside
-17.326249227274616,-132.3125,10,2302.5,703.5198175886093,0.3245834114972538,0.14708988523084704,0.48789426836224986,0.555979336380005,0.7908071580673487,0.00433349609375,401.37221463474816,32.704628988985576,0.00665283203125,187.3615570881111,15.588811755784263,401.37221463474816,3.2610074640615494e-09,0.9999999999918754,0.00360107421875,94,True,59.225293799972235,56.53791419138726,0.0,farside
-50.18634058551348,-132.26171875,1,840.0,157.26462022940788,0.16479228802963736,0.11010366470534849,0.330675865371629,0.4815693340192482,0.6243413225324326,0.00067138671875,46.578287122786925,10.61927623742623,0.00189208984375,23.59878167896295,5.309638118712883,46.578287122786925,2.288619072032816e-09,0.9999999999508651,0.00042724609375,164,True,59.225293799972235,37.921531650907745,0.0,farside
-2.769746663798468,-132.26171875,14,2589.0,637.9588623067284,0.3174427302579383,0.16514914088479193,0.5528413359897508,0.6734134563821201,0.9159128257581922,0.07086181640625,1094.0359731912674,20.693932128075907,0.016845703125,569.499093573955,11.623067228158106,1094.0359731912674,5.186770124510076e-09,0.999999999995259,0.0711669921875,680,True,59.22529379998429,59.15610632466752,0.0,farside
15.199349518928132,-131.291015625,17,1126.5,238.2816292144306,0.23135373405163617,0.11953909875384618,0.39376105534226546,0.5485175972858481,1.7349226949914733,0.0037841796875,625.9311039109866,142.82700547741604,0.00543212890625,214.4374225412921,116.37344684399613,625.9311039109866,3.772768764065404e-09,0.9999999999939726,0.0037841796875,389,True,59.225293799972235,57.15356169566894,0.0,farside
31.84621225618417,-131.025390625,22,1734.0,353.91267085569507,0.274258509117464,0.12622626255004324,0.44804186658026224,0.5379610953255097,0.8074148008013647,0.00341796875,357.88491861027046,13.971155288077483,0.00634765625,187.52512297178964,10.13782195375643,357.88491861027046,1.3219434435995936e-08,0.9999999999630623,0.00262451171875,103,True,59.225293799972235,50.30995617317594,0.0,farside
-50.18634058551348,-130.90625,1,642.5,143.575244437477,0.11757212021714125,0.07668408918356134,0.23392166988208726,0.3281461380191842,0.4416650264038041,0.0,0.0,0.0,0.0,0.0,0.0,0.0,0.0,1.0,0.0,0,True,59.225293799972235,37.921531650907745,0.0,farside
-16.10129022673427,-130.70703125,12,1302.5,306.8333277118149,0.18271920671448805,0.0866876985276556,0.2962963078368606,0.4257374180496397,0.5606999647028197,0.0,4.329543392530432,2.16751263837147,0.000244140625,2.164771695640411,1.0837563188724744,4.329543392530432,1.2496101930992154e-09,0.999999999711376,0.0,43,True,59.225293799972235,56.90205781911358,0.0,farside
-16.10129022673427,-130.03515625,12,635.0,128.8805878781269,0.13552980253597618,0.06898878315447626,0.22470449475398446,0.33008496327657544,0.5185855337401363,0.0,0.6675126383714698,0.6675126383714698,6.103515625e-05,0.33375631873968814,0.33375631873968814,0.6675126383714698,8.920935101741634e-10,0.9999999986635556,0.0,40,True,59.225293799972235,56.90205781911358,0.0,farside
-37.20400040774718,-129.6484375,2,1288.5,308.6949551894042,0.2490248151536634,0.14035060634048288,0.4462885798941464,0.5325162122090266,0.8192306959115181,0.00262451171875,247.78985403469486,25.2816300954046,0.00286865234375,107.67433594003796,17.996390452299238,247.78985403469486,2.2713848579769547e-09,0.9999999999908334,0.001953125,174,True,59.225293799972235,47.17221820553796,0.0,farside
40.00950383082666,-129.287109375,24,436.0,99.39688401571867,0.07996060570679722,0.04942065089663896,0.13740062829447913,0.26283087530581367,0.45926512075373155,0.0,0.0,0.0,0.0,0.0,0.0,0.0,0.0,1.0,0.0,0,True,59.225293800165126,45.36289191073173,0.0,farside
39.13346264888521,-129.25,23,599.5,114.41982222098007,0.10950708850813101,0.08012612384165756,0.20836570671768714,0.3898576986626302,0.564435561823145,0.0,3.49276203979937,3.49276203979937,6.103515625e-05,1.7463810195972655,1.7463810195972655,3.49276203979937,6.048388456747489e-10,0.9999999998268307,0.0,44,True,59.225293799972235,45.9397538305037,0.0,farside
26.63684539668393,-128.9609375,20,1725.0,445.58155507566624,0.20818036235799012,0.07962318799855027,0.304453177680211,0.38645268855072035,0.5422829232429833,0.0,0.0,0.0,0.0,0.0,0.0,0.0,0.0,1.0,0.0,0,True,59.225293799972235,52.93948298066018,0.0,farside
39.13346264888521,-127.009765625,23,2135.0,497.9236819485442,0.25046392135183365,0.09677348416573711,0.3926811311066336,0.46268782746522535,0.8092102062838304,0.00042724609375,39.59706025157625,12.327005477416023,0.00067138671875,19.798530124553054,6.1635027383235865,39.59706025157625,2.4701449774511275e-09,0.999999999937618,0.0003662109375,46,True,59.225293799972235,45.9397538305037,0.0,farside
15.434838190832078,-126.080078125,18,1798.5,253.07719527580446,0.18047580788039155,0.09734352476885998,0.2761716711558567,0.53617643255752,0.6991609181042491,0.0025634765625,28.862478501263894,6.559497002649763,0.00067138671875,14.51140865501975,3.2797485013243204,28.862478501263894,1.972537688743614e-09,0.9999999999316573,0.0025634765625,90,True,59.225293799972235,57.08925996074565,0.0,farside
-18.96317492817754,-125.462890625,9,1293.0,268.6107814547335,0.2384538954296091,0.16434325245455195,0.5153298855548916,0.6743856382967952,0.9795848059664644,0.046142578125,2698.3833724639517,78.00866039013358,0.04766845703125,4097.917504352588,44.82915048254563,2698.3833724639517,0.4602148656780969,0.9998294479315377,0.05499267578125,2000,False,59.225293799972235,56.01099668506489,0.0,farside
-29.86573638555707,-124.68359375,5,481.5,125.6428934074299,0.11837829022122578,0.07035496157484991,0.21774437451935152,0.31221213875644616,0.467489415184669,0.0,0.0,0.0,0.0,0.0,0.0,0.0,0.0,1.0,0.0,0,True,59.225293799972235,51.35986065178534,0.0,farside
31.74338426056943,-123.53125,21,2246.5,484.0682474400812,0.2807279339232835,0.18059527306541615,0.5290860736478441,0.6619041859517004,0.9444767764126024,0.04425048828125,1555.4584508737946,27.438841914333047,0.02685546875,1212.3038535747646,26.701208442902953,1555.4584508737946,0.00014623404862135203,0.9999999059865285,0.0479736328125,2000,False,59.225293799972235,50.36595855401552,0.0,farside
18.160694467641463,-123.388671875,19,1152.0,216.76693450567353,0.1673561348031698,0.08513388720738937,0.2608572781392163,0.48048257889769475,0.7055112377547156,0.0015869140625,95.61293360328474,10.029295843501444,0.00201416015625,51.207313825857455,5.014647921750111,95.61293360328474,4.155396027272218e-09,0.9999999999565394,0.00146484375,174,True,59.22529380006868,56.27505053119334,0.0,farside
-28.260032363701665,-122.29296875,7,1023.0,254.56213570150655,0.1912322857992776,0.09582576017280403,0.3167760430008866,0.4185821922115245,0.5725823863263604,0.0,13.154010954720746,7.827005477360373,0.0001220703125,6.577005476676277,3.9135027382731096,13.154010954720746,1.3681926702702185e-09,0.9999999998959866,0.0,45,True,59.22529380006868,52.16610354777753,0.0,farside
-36.128474948427154,-122.166015625,3,1598.5,455.49941802863987,0.298253105120176,0.13156915236190567,0.4758507857403665,0.5554812383371347,0.7611510544474047,0.00555419921875,744.4350486007203,14.898576060919144,0.01513671875,388.96781566601294,9.23190939425217,744.4350486007203,2.254800790524314e-09,0.9999999999969711,0.00360107421875,174,True,59.225293799972235,47.83609001573806,0.0,farside
18.160694467641463,-120.9921875,19,1587.5,361.8830606056919,0.19612141673804534,0.07777006155131834,0.29291607990497376,0.4085967273164413,0.5718998150049505,0.0,1.3270054773603732,1.3270054773603732,6.103515625e-05,0.6635027383608758,0.6635027383608758,1.3270054773603732,6.386216000464628e-10,0.9999999995187498,0.0,42,True,59.22529380006868,56.27505053119334,0.0,farside
-37.20400040774718,-120.615234375,2,789.5,172.56523926486247,0.20225630711372314,0.08459696197459722,0.312315031369138,0.3808588511094057,0.5158251381617619,0.0,1.6086355728206243,1.2816300954046014,0.0001220703125,0.8043177860231481,0.6408150473939713,1.6086355728206243,7.743281571492844e-10,0.9999999995186429,0.0,42,True,59.225293799972235,47.17221820553796,0.0,farside
40.00950383082666,-120.0703125,24,940.5,265.72488917690106,0.2081319856961357,0.15076382338785965,0.4190893366335275,0.4970380012600833,0.6316194682280408,0.00067138671875,72.27670568401538,8.325611367507793,0.0018310546875,36.62674875210473,4.162805683753845,72.27670568401538,1.7259900175758958e-09,0.9999999999761197,0.00054931640625,96,True,59.225293800165126,45.36289191073173,0.0,farside
26.63684539668393,-118.65234375,20,2394.5,562.1099447480686,0.3342280515805763,0.11980332421817312,0.47953866414343116,0.5509874941619897,0.7548603107578625,0.00335693359375,292.71561984088135,9.45391832015908,0.00689697265625,149.59897989152518,8.787251652610735,292.71561984088135,5.1332662565073406e-09,0.9999999999824633,0.0028076171875,103,True,59.225293799972235,52.93948298066018,0.0,farside
-36.128474948427154,-118.26171875,3,1028.5,357.19218722318107,0.22012550413302556,0.13499038848134448,0.3999375103008692,0.4875918794207192,0.6838238787408183,0.00054931640625,162.54347229132475,14.327005477416023,0.00238037109375,79.01968017059835,7.163502738261286,162.54347229132475,9.60643475877987e-09,0.9999999999408993,0.00018310546875,46,True,59.225293799972235,47.83609001573806,0.0,farside
-8.485307680663237,-117.451171875,13,1341.0,352.6840721029137,0.19821853498737124,0.09764732394760445,0.33367761478049024,0.43522784470661646,0.5748457776653139,0.0,12.00909409160834,5.327005477388198,0.00030517578125,6.004547044764422,2.663502738232637,12.00909409160834,2.079495686757582e-09,0.99999999982684,0.0,44,True,59.22529380002046,58.576997951376875,0.0,farside
-8.485307680663237,-116.666015625,13,743.5,175.73192424671913,0.14861475443537198,0.07139533845794516,0.2490947517777572,0.31604192405490633,0.3811438534961279,0.0,0.0,0.0,0.0,0.0,0.0,0.0,0.0,1.0,0.0,0,True,59.22529380002046,58.576997951376875,0.0,farside
-31.017135333423887,-116.09375,4,1057.0,182.65170721248361,0.1719788722599065,0.07679228874922886,0.27453885190760274,0.3495665770640826,0.49387755902931235,0.0,0.7132915526070427,0.7132915526070427,6.103515625e-05,0.35664577582701895,0.35664577582701895,0.7132915526070427,9.53004786197198e-10,0.9999999986639337,0.0,40,True,59.225293799972235,50.75686039409525,0.0,farside
-50.18634058551348,-114.376953125,1,1371.5,274.4904762320565,0.1821881054960073,0.09697945639300676,0.3147897673789846,0.46226110457274106,0.5934460299226165,0.0001220703125,40.124077223377085,5.619276237426231,0.0013427734375,20.062038608214152,2.809638118226303,40.124077223377085,6.949456121674302e-09,0.9999999998268009,0.0,44,True,59.225293799972235,37.921531650907745,0.0,farside
4.732929733319391,-113.486328125,15,1054.0,200.4313103385711,0.1818659696629195,0.11788735953250147,0.3617894872881652,0.4913998618083646,0.7028349721414425,0.00067138671875,49.126806053074745,9.327005477388198,0.00091552734375,26.223741835656256,6.28850273822718,49.126806053074745,2.2690329615215887e-09,0.9999999999538127,0.00067138671875,166,True,59.22529380002046,59.023343218537704,0.0,farside
31.84621225618417,-111.7109375,22,498.0,113.81804156965599,0.09054602291594943,0.050893523020421404,0.15204332488301492,0.25754452003688927,0.4103489853244447,0.0,0.0,0.0,0.0,0.0,0.0,0.0,0.0,1.0,0.0,0,True,59.225293799972235,50.30995617317594,0.0,farside
-2.769746663798468,-110.908203125,14,1236.5,217.97542556596412,0.16199215747528015,0.07818647282782043,0.26420133055200157,0.3648237628855649,0.4838880946706991,0.0,4.154010954818133,2.3270054774090667,0.0001220703125,2.077005476809404,1.1635027383686065,4.154010954818133,1.1993250836894731e-09,0.9999999997112851,0.0,43,True,59.22529379998429,59.15610632466752,0.0,farside
-18.96317492817754,-110.8046875,9,1017.5,217.2253707932541,0.14929855793840702,0.07803964396300454,0.25845664712565386,0.345092182166922,0.6932069824450702,0.0001220703125,16.55362512828627,6.681654912717562,0.00030517578125,8.276812563283784,3.3408274560115387,16.55362512828627,1.718703401820676e-09,0.9999999998961736,0.0001220703125,45,True,59.225293799972235,56.01099668506489,0.0,farside
-16.10129022673427,-110.74609375,12,1056.5,143.69480376790187,0.18934321056001066,0.10038378228509319,0.3233909180956867,0.4597500227086631,0.677114028034507,0.00018310546875,80.97218452495378,15.827005477416023,0.00103759765625,33.026258390449584,10.698819769014335,80.97218452495378,1.9100383497061557e-09,0.9999999999764112,0.0001220703125,101,True,59.225293799972235,56.90205781911358,0.0,farside
-37.20400040774718,-110.2734375,2,821.5,151.2764223831848,0.1494276396303144,0.09131950132701916,0.27685777924681965,0.4279798133619895,0.7941597831643338,0.0003662109375,218.7233526721149,162.71727114564126,0.00103759765625,62.96741991271119,34.96437915238971,218.7233526721149,6.495518789506605e-09,0.9999999999703025,0.0,45,True,59.225293799972235,47.17221820553796,0.0,farside
-50.18634058551348,-109.06640625,1,738.0,120.88231730129716,0.14249928143611612,0.14214235267679562,0.4136205049262723,0.5833957471965208,0.8804863418592082,0.01202392578125,504.6040135874325,23.61927623742623,0.0093994140625,265.9472410814608,14.441076602586918,504.6040135874325,4.42989289695106e-09,0.999999999991221,0.0118408203125,492,True,59.225293799972235,37.921531650907745,0.0,farside
-8.485307680663237,-108.978515625,13,1601.5,323.5234961879836,0.23410340533609375,0.11581859752475933,0.39646675466790193,0.5468594658536099,0.7446169904062168,0.0057373046875,912.4859365787157,46.70107218205555,0.00286865234375,455.3009350284947,23.35053609071292,912.4859365787157,1.2260606752079184e-08,0.9999999999865635,0.00396728515625,49,True,59.22529380002046,58.576997951376875,0.0,farside
-17.326249227274616,-108.02734375,10,620.5,97.15466428523935,0.12826291732043765,0.08487556051823794,0.23740451994656087,0.36284357040642434,2.4454402892061866,0.00079345703125,1154.3288576746536,929.909257977971,0.0013427734375,312.13332408272913,199.92352423438865,1154.3288576746536,1.6794103885331424e-09,0.9999999999985452,6.103515625e-05,103,True,59.225293799972235,56.53791419138726,0.0,farside
15.434838190832078,-107.55078125,18,264.0,31.873973590030307,0.051687312997852994,0.0508286463884442,0.11489874580124881,0.2557943896892089,0.43297133794830384,0.0,0.0,0.0,0.0,0.0,0.0,0.0,0.0,1.0,0.0,0,True,59.225293799972235,57.08925996074565,0.0,farside
12.379652013084048,-106.234375,16,1048.0,279.80758552205464,0.16308732274208726,0.12373986376549438,0.3630389714407847,0.4616037997928673,0.6831168623310173,0.0001220703125,48.429367781821966,14.327005477388198,0.0008544921875,26.46151996138383,7.827005476825093,48.429367781821966,3.1087949992070207e-09,0.9999999999358077,0.0001220703125,101,True,59.22529380002046,57.84821556094966,0.0,farside
-8.485307680663237,-105.69921875,13,274.5,62.03442784293036,0.08722379368258784,0.053415762485871696,0.16068365821177147,0.24992880355647074,0.38380925092765633,0.0,0.20107218205554744,0.20107218205554744,6.103515625e-05,0.10053609065425917,0.10053609065425917,0.20107218205554744,7.470291052413813e-10,0.9999999962847714,0.0,38,True,59.22529380002046,58.576997951376875,0.0,farside
-16.271460111541803,-105.521484375,11,1784.5,423.29405695202934,0.24638482240357748,0.16632740961646705,0.47990196951220326,0.582644233501898,5.770345320351189,0.0118408203125,3011.925295663773,619.327005477416,0.019775390625,980.3794683257086,580.0522467862875,3011.925295663773,7.589221695525339e-09,0.9999999999974802,0.01177978515625,1609,True,59.225293799972235,56.85302330631578,0.0,farside
-28.260032363701665,-104.95703125,7,1846.5,457.6047526206793,0.2602845674319619,0.11117340594628776,0.41652298780631664,0.5227131000510563,0.673404834515947,0.00213623046875,395.0235306968135,13.400158252932368,0.00634765625,198.29201387816602,6.7000791264661075,395.0235306968135,4.110905393872599e-09,0.9999999999895932,0.0018310546875,96,True,59.22529380006868,52.16610354777753,0.0,farside
-8.485307680663237,-104.8125,13,2592.0,682.0552930782248,0.31967722869702214,0.12192136398395655,0.45615556870201057,0.5719847016613087,0.7120695535821087,0.00872802734375,268.0734250149412,12.701072182055547,0.0048828125,189.6613726778969,10.836013786625244,268.0734250149412,1.689519990577537e-08,0.9999999999369755,0.008056640625,407,True,59.22529380002046,58.576997951376875,0.0,farside
-2.769746663798468,-104.623046875,14,2703.0,706.6849735435526,0.31557575376965147,0.14652652596494412,0.5278587039006636,0.6312540619992328,0.7205965479327814,0.0445556640625,496.0146754667788,21.86692665066684,0.01617431640625,302.1397334212004,10.933463325332923,496.0146754667788,1.1035318436825037e-08,0.999999999977752,0.0450439453125,400,True,59.22529379998429,59.15610632466752,0.0,farside
18.160694467641463,-104.6171875,19,569.5,86.84088638350339,0.13801667043028115,0.08904870820948341,0.2577907972682463,0.42498503600114296,0.5583081084468862,0.0,2.9148930078647055,1.529295843501444,0.000244140625,1.3266443123917497,0.7973484691449926,2.9148930078647055,1.1928875665034866e-09,0.9999999995907611,0.0,42,True,59.22529380006868,56.27505053119334,0.0,farside
18.160694467641463,-103.896484375,19,2108.5,480.0222808691117,0.28888798774939023,0.1512592632721524,0.5027478694251761,0.6018496038483488,0.784602018412614,0.0218505859375,1211.9348813632523,18.029295843501444,0.027587890625,708.588892491472,13.016458959074612,1211.9348813632523,2.266159526698175e-08,0.9999999999813013,0.0213623046875,1529,True,59.22529380006868,56.27505053119334,0.0,farside
-16.10129022673427,-103.876953125,12,1272.0,307.1071237184488,0.2077212059583341,0.1425234952423778,0.41700870039659343,0.6004473928025396,1.1959987851114298,0.01617431640625,940.9615360818514,123.489036231575,0.01263427734375,458.59723037846504,35.61228839206785,940.9615360818514,3.736424503131275e-09,0.9999999999960292,0.01580810546875,383,True,59.225293799972235,56.90205781911358,0.0,farside
-36.128474948427154,-103.046875,3,849.0,211.04333858460058,0.15652545436583998,0.08879795099133407,0.2871903030264355,0.38991535018587314,0.5658706712091959,0.0,67.68148879194887,9.898576060919144,0.00079345703125,33.84074439386495,4.94928803015091,67.68148879194887,4.218964733126995e-09,0.9999999999376644,0.0,46,True,59.225293799972235,47.83609001573806,0.0,farside
-18.96317492817754,-102.4375,9,575.0,69.61593081086853,0.09617404113326031,0.10234357359127683,0.16747210074834507,0.5487123831565367,0.759815489477854,0.00677490234375,156.78032488662217,9.827005477416023,0.00482177734375,146.93758282505985,13.88579219201955,156.78032488662217,5.029754390761809e-09,0.9999999999679184,0.00732421875,690,True,59.225293799972235,56.01099668506489,0.0,farside
12.379652013084048,-101.3984375,16,1165.5,221.50507346944497,0.18109215825662373,0.08365978243395004,0.28824694994261385,0.38483993668466776,0.5193338119824369,0.0,4.743159242664092,4.121579621332046,0.0001220703125,2.3715796209211817,2.060789810309018,4.743159242664092,8.217142521971255e-10,0.999999999826758,0.0,44,True,59.22529380002046,57.84821556094966,0.0,farside
-16.271460111541803,-100.5078125,11,382.0,60.1850022523605,0.11291171348917073,0.06953196432522056,0.20232762653043973,0.3473913384475221,0.5331442771892404,0.0,7.154010954832046,6.827005477416023,0.0001220703125,3.5770054770442243,3.413502738353202,7.154010954832046,7.4359718382766e-10,0.9999999998960587,0.0,45,True,59.225293799972235,56.85302330631578,0.0,farside
-37.20400040774718,-100.466796875,2,972.5,235.38514221894073,0.16966131094162445,0.08132728058947072,0.27458067159703436,0.3960962906749393,0.9078340646556446,0.0003662109375,235.18868181347347,205.71727114564126,0.00048828125,60.57460460762741,45.83889927463042,235.18868181347347,2.5165931560877652e-09,0.9999999999892997,0.0,46,True,59.225293799972235,47.17221820553796,0.0,farside
-28.21697271744572,-99.970703125,8,4114.5,983.283564899638,0.5052870597516019,0.1610376939829315,0.6589169011320801,0.7437355093345392,0.9187302795889088,0.43646240234375,8833.026470824267,27.715012418381647,0.248291015625,9147.563176964262,27.3259785965829,8833.026470824267,70.54502456494343,0.9920134933595007,0.4620361328125,2000,False,59.225293799972235,52.1871630139244,0.0,farside
31.74338426056943,-99.125,21,656.0,103.88655068356495,0.10585946438800223,0.07555544444641919,0.2184013223224382,0.3227295147876155,0.5532128686730601,0.0,0.0,0.0,0.0,0.0,0.0,0.0,0.0,1.0,0.0,0,True,59.225293799972235,50.36595855401552,0.0,farside
-29.86573638555707,-98.447265625,5,2599.5,567.3597431110459,0.35216665328507657,0.11877606771571705,0.501504974266642,0.5859620341370042,0.7664500425332611,0.01300048828125,651.7362003425885,21.327005477416023,0.01336669921875,339.2432330775699,13.827005477415469,651.7362003425885,4.498343031400509e-09,0.9999999999930979,0.0115966796875,532,True,59.225293799972235,51.35986065178534,0.0,farside
-28.21697271744572,-98.3359375,8,650.0,171.41967923294493,0.13686711657963435,0.09275479156997532,0.2666153378688373,0.42692146993939006,0.6172023537165306,0.0001220703125,20.299048209976988,4.827005477416023,0.00048828125,10.149524103230249,2.4135027382898784,20.299048209976988,3.516547053550312e-09,0.9999999998267629,0.0001220703125,44,True,59.225293799972235,52.1871630139244,0.0,farside
-16.10129022673427,-98.244140625,12,141.5,14.946428335781546,0.05105625580025419,0.048262718039801776,0.09322472259313339,0.2723054485867978,0.6088279053348277,6.103515625e-05,5.1620307541589625,2.327005477416023,0.00018310546875,2.314010321114438,1.2302540022415087,5.1620307541589625,1.2330261256465747e-09,0.9999999997611354,6.103515625e-05,43,True,59.225293799972235,56.90205781911358,0.0,farside
-8.485307680663237,-95.732421875,13,875.0,181.88090550634575,0.17634740552679457,0.09637595737136592,0.3075450733599572,0.44019857399150664,1.2222675612544267,0.00042724609375,104.05615531888749,49.20107218205555,0.000244140625,31.81706994578667,30.903567207126798,104.05615531888749,1.0209149081674695e-09,0.9999999999901888,0.00030517578125,47,True,59.22529380002046,58.576997951376875,0.0,farside
-28.21697271744572,-95.53125,8,502.0,89.6432514605268,0.12897320910907217,0.08389289572385177,0.24712449367366068,0.39649901084698724,0.5702041987954896,0.0,16.10301935934727,10.888006940965624,0.00018310546875,7.9207074882187385,5.444003470143343,16.10301935934727,9.77081526798429e-10,0.9999999999393231,0.0,46,True,59.225293799972235,52.1871630139244,0.0,farside
15.199349518928132,-94.01953125,17,1765.0,376.4340054808934,0.2174042843353557,0.0832736479570927,0.3231955068289903,0.4085741154050555,0.5826539750308689,6.103515625e-05,71.44789803198043,9.022394901599021,0.001220703125,35.723949012277444,4.511197450330656,71.44789803198043,7.425541070915642e-09,0.9999999998960706,0.0,45,True,59.225293799972235,57.15356169566894,0.0,farside
-2.769746663798468,-93.453125,14,392.0,41.59129830127865,0.09039328479844486,0.06048191184603582,0.17326061461266787,0.28713417661607793,0.40001760283236365,0.0,0.0,0.0,0.0,0.0,0.0,0.0,0.0,1.0,0.0,0,True,59.22529379998429,59.15610632466752,0.0,farside
-28.21697271744572,-93.173828125,8,1178.0,336.7689349374503,0.19256263754423955,0.1557921109524974,0.4356033182589368,0.5946268010403677,0.7706851903961723,0.0142822265625,1445.1577246197767,20.888006940965624,0.02117919921875,825.7099903260811,12.376013881930987,1445.1577246197767,1.4802747472231204e-08,0.999999999989757,0.01580810546875,1499,True,59.225293799972235,52.1871630139244,0.0,farside
40.00950383082666,-92.751953125,24,723.0,149.48780405711565,0.11202720509756754,0.059395376534283756,0.19039637057044664,0.28298774695822865,0.41016016778123404,0.0,0.0,0.0,0.0,0.0,0.0,0.0,0.0,1.0,0.0,0,True,59.225293800165126,45.36289191073173,0.0,farside
4.732929733319391,-92.55078125,15,1507.5,433.99520570748626,0.23037705901404792,0.12312355959859693,0.40880756275536795,0.5206570206283665,0.6361269320179279,0.00140380859375,187.4316884289671,9.44353096290375,0.00347900390625,94.5491775469086,4.721765481451712,187.4316884289671,1.8169004079027218e-09,0.9999999999903063,0.0009765625,98,True,59.22529380002046,59.023343218537704,0.0,farside
-18.96317492817754,-92.212890625,9,270.5,34.46279655219675,0.0601497360813151,0.06306167073065456,0.1071218216975574,0.3782768583338152,0.8749911372589275,0.00054931640625,275.17999212523284,68.18165491271756,0.00048828125,58.51559008339973,53.934254411392885,275.17999212523284,1.1480238981675939e-09,0.9999999999958281,0.000244140625,45,True,59.225293799972235,56.01099668506489,0.0,farside
-29.86573638555707,-91.765625,5,615.5,114.8095497645623,0.16304489902076985,0.09793769940157884,0.30775094680291815,0.4385685510623263,0.5856488290871092,6.103515625e-05,20.942458047927516,10.365360403919862,0.00042724609375,10.47122902331057,5.1826802016366855,20.942458047927516,1.3063754522590898e-09,0.9999999999376207,0.0,46,True,59.225293799972235,51.35986065178534,0.0,farside
-31.017135333423887,-91.244140625,4,895.0,187.59067509693526,0.15862365971623865,0.11575871449123994,0.3472704857034534,0.4571972876788951,0.5904340938425553,6.103515625e-05,6.293885612653174,2.2132915526070427,0.00030517578125,3.06856709867634,1.1066457759839068,6.293885612653174,1.7236274629794934e-09,0.9999999997261425,6.103515625e-05,43,True,59.225293799972235,50.75686039409525,0.0,farside
-18.96317492817754,-91.138671875,9,169.5,15.36182027805629,0.045923707546965585,0.04005405506037116,0.08142824855478718,0.20860390890790811,1.0578279892633793,0.000244140625,336.0173207802672,86.18165491271756,0.000244140625,68.19025441117583,68.19025441117583,336.0173207802672,6.294555987551576e-10,0.9999999999981267,0.0,43,True,59.225293799972235,56.01099668506489,0.0,farside
-16.271460111541803,-90.853515625,11,218.5,25.912955664146768,0.08146831963601185,0.06968859423871065,0.15532937960156126,0.3894209900645651,0.692401573881025,0.00152587890625,76.55511577413424,12.327005477416023,0.0015869140625,39.93131880086412,6.163502738707848,76.55511577413424,2.3177619823400164e-09,0.9999999999697242,0.00128173828125,171,True,59.225293799972235,56.85302330631578,0.0,farside
31.84621225618417,-90.552734375,22,585.0,159.33073424053126,0.11322528722921518,0.0654467545083558,0.20235237629918537,0.2706118992948838,0.4329741053036488,0.0,0.0,0.0,0.0,0.0,0.0,0.0,0.0,1.0,0.0,0,True,59.225293799972235,50.30995617317594,0.0,farside
-28.719831063654787,-90.400390625,6,1639.0,353.0587143230463,0.3039368916922657,0.13965868504128498,0.48296839032420363,0.6136608409077537,1.0957834843379821,0.0213623046875,928.8329965000385,36.35797624465637,0.01226806640625,643.1864972387809,40.40870298175014,928.8329965000385,1.273516403443864e-08,0.9999999999862891,0.0225830078125,725,True,59.225293799972235,51.93939208450547,0.0,farside
15.434838190832078,-90.3515625,18,800.5,194.81033863421004,0.13502551451389042,0.10846928918379296,0.2915349952764513,0.49381493623365247,0.5967690771978226,0.00042724609375,109.4393771086403,7.559497002649763,0.00262451171875,54.94585222246951,3.779748501324775,109.4393771086403,2.334061832698353e-09,0.9999999999786725,0.0001220703125,93,True,59.225293799972235,57.08925996074565,0.0,farside
39.13346264888521,-90.076171875,23,212.0,33.45951740978634,0.0627763147023022,0.04620164500386102,0.12281373424429008,0.21866838805968494,0.4389546929940099,0.0,1.99276203979937,1.99276203979937,6.103515625e-05,0.9963810194201983,0.9963810194201983,1.99276203979937,9.589733451775828e-10,0.9999999995187717,0.0,42,True,59.225293799972235,45.9397538305037,0.0,farside
-37.20400040774718,91.30078125,2,581.0,114.66919872614821,0.1654989519517447,0.09850702892089333,0.3088519652042369,0.3980194035705897,0.5287080150784049,0.0,4.654010954832046,4.327005477416023,0.0001220703125,2.32700547701279,2.163502738333136,4.654010954832046,8.064660050877137e-10,0.999999999826716,0.0,44,True,59.225293799972235,47.17221820553796,0.0,farside
-2.769746663798468,93.76171875,14,636.0,119.0817089252261,0.08732714407814939,0.07081479780926356,0.20371498888940492,0.29332759985640217,0.42069779631516274,0.0,0.0,0.0,0.0,0.0,0.0,0.0,0.0,1.0,0.0,0,True,59.22529379998429,59.15610632466752,0.0,farside
31.84621225618417,93.939453125,22,329.0,75.44200774464822,0.0872809473561078,0.047121540793830116,0.15194664976707564,0.20992447209407514,0.4489329963351022,0.0,0.0,0.0,0.0,0.0,0.0,0.0,0.0,1.0,0.0,0,True,59.225293799972235,50.30995617317594,0.0,farside
4.732929733319391,95.4765625,15,1435.5,295.50947303168647,0.20540022584915563,0.12436658431975944,0.3347198573860637,0.4063537301950631,7.4638949732765525,0.00048828125,2349.082145761168,649.5410728805839,0.00115966796875,530.4563368405463,392.66445835979516,2349.082145761168,3.2209328537646797e-09,0.9999999999986289,0.00042724609375,290,True,59.22529380002046,59.023343218537704,0.0,farside
-29.86573638555707,96.693359375,5,1284.5,260.2695509694046,0.21188948551199877,0.1424358100629663,0.44210338135118715,0.5209168531476084,0.6820496939615381,0.0010986328125,224.577631518924,19.865360403919862,0.0030517578125,111.47468023397387,10.365380749701547,224.577631518924,2.376605579001989e-09,0.9999999999894175,0.00054931640625,98,True,59.225293799972235,51.35986065178534,0.0,farside
12.379652013084048,97.06640625,16,1199.5,300.142458049279,0.1730263718080759,0.0989545327425969,0.3122864212842495,0.3837515644239492,0.47254603249186705,0.0,0.0,0.0,0.0,0.0,0.0,0.0,0.0,1.0,0.0,0,True,59.22529380002046,57.84821556094966,0.0,farside
-28.719831063654787,97.146484375,6,694.0,117.13278654334908,0.1278947034744909,0.07956404597128865,0.2501471894889574,0.35681430745069453,0.4559879265633436,0.0,8.154010954832046,4.827005477416023,0.0001220703125,4.077005476709758,2.4135027382899352,8.154010954832046,1.4125305369816488e-09,0.9999999998267686,0.0,44,True,59.225293799972235,51.93939208450547,0.0,farside
26.63684539668393,98.01953125,20,78.0,8.888128576897946,0.05029226374689535,0.041057756433846154,0.09490674049408027,0.2179823164989822,0.36011466297100747,0.0,0.0,0.0,0.0,0.0,0.0,0.0,0.0,1.0,0.0,0,True,59.225293799972235,52.93948298066018,0.0,farside
-17.326249227274616,98.078125,10,1892.0,591.5380598313752,0.3322632160987344,0.16333125331083065,0.5215365684794568,0.6856657489531636,0.9877031558218726,0.0379638671875,7454.188308390701,56.37762351156955,0.06072998046875,4068.8853110766245,34.70279841234077,7454.188308390701,1.607747179832586e-08,0.9999999999978432,0.03253173828125,392,True,59.225293799972235,56.53791419138726,0.0,farside
-16.271460111541803,98.62890625,11,1015.0,229.81324701963285,0.1526207196718613,0.0821435784726383,0.27110297342450007,0.3532414619809934,0.44393549708710206,0.0,0.0,0.0,0.0,0.0,0.0,0.0,0.0,1.0,0.0,0,True,59.225293799972235,56.85302330631578,0.0,farside
-28.719831063654787,99.041015625,6,1459.5,247.2803250573245,0.1947902139108817,0.10018828454663885,0.3258474012962147,0.4194805132196944,0.7441877271695903,0.0001220703125,168.3973093686003,101.71595248931274,0.00140380859375,59.28976137793984,25.94908294037498,168.3973093686003,4.938407016652491e-09,0.9999999999706741,0.0,46,True,59.225293799972235,51.93939208450547,0.0,farside
-18.96317492817754,99.185546875,9,1943.0,541.9531829120725,0.25609504444134024,0.11253530504522823,0.407141242773936,0.555414814388921,0.9603846874460922,0.0074462890625,859.0562588172984,40.68165491271756,0.01287841796875,592.7466107919809,28.73721046827319,859.0562588172984,8.779707627581956e-09,0.9999999999897798,0.00823974609375,1467,True,59.225293799972235,56.01099668506489,0.0,farside
31.74338426056943,99.2265625,21,742.0,126.97191819823061,0.15617056152736064,0.09001952808003827,0.281950848312776,0.42678019585163374,0.5982467508653605,6.103515625e-05,37.96031254366179,5.938841914333047,0.00103759765625,18.98015626985807,2.9694209568579026,37.96031254366179,3.945650917103194e-09,0.9999999998960585,0.0,45,True,59.225293799972235,50.36595855401552,0.0,farside
15.199349518928132,99.51171875,17,1042.5,213.5404868320033,0.12350777848213843,0.057392613771912265,0.20300617304161575,0.2843293740520474,0.3995494939258081,0.0,0.0,0.0,0.0,0.0,0.0,0.0,0.0,1.0,0.0,0,True,59.225293799972235,57.15356169566894,0.0,farside
39.13346264888521,99.541015625,23,2798.5,761.185665596489,0.3445173737649286,0.21457562161534935,0.579434151848009,0.6438364914307216,0.7900074313706322,0.1085205078125,1154.0056710543015,28.819767517215393,0.0352783203125,778.4985454096784,12.827005477415696,1154.0056710543015,1.5999479074935152e-08,0.9999999999861358,0.11181640625,1818,True,59.225293799972235,45.9397538305037,0.0,farside
-16.271460111541803,101.9296875,11,1966.5,410.2501968720922,0.23265109701250813,0.09071039355701084,0.35145512556240854,0.4410879273812584,0.5720309480232805,0.0,42.807722149627565,6.195805552255798,0.0013427734375,21.40386107258894,3.097902775805892,42.807722149627565,4.449688617569336e-09,0.999999999896054,0.0,45,True,59.225293799972235,56.85302330631578,0.0,farside
-37.20400040774718,102.53515625,2,944.5,247.953169590864,0.14007662895712159,0.09272401486290606,0.22454027045685865,0.4727131561651888,0.6373580427337572,6.103515625e-05,29.143306431462037,10.781630095404601,0.00067138671875,14.571653214822163,5.390815047366118,29.143306431462037,1.8177104266214883e-09,0.9999999999376286,6.103515625e-05,46,True,59.225293799972235,47.17221820553796,0.0,farside
-29.86573638555707,103.015625,5,588.5,123.93848992558327,0.09694790118014836,0.06775295649650034,0.2044833806547284,0.2938511562567833,0.3890208502301815,0.0,0.0,0.0,0.0,0.0,0.0,0.0,0.0,1.0,0.0,0,True,59.225293799972235,51.35986065178534,0.0,farside
40.00950383082666,103.29296875,24,513.0,74.11952825184704,0.10771048960204295,0.06517279391798973,0.19857958787948274,0.3016796336515373,0.4964489696987068,0.0,25.083119152382658,11.97822821232031,0.00054931640625,10.589590919958255,4.037145451061974,25.083119152382658,3.047848196047198e-09,0.9999999998784901,0.0,44,True,59.225293800165126,45.36289191073173,0.0,farside
-8.485307680663237,103.4296875,13,2193.0,417.33532596542545,0.2272995480314866,0.09952460813466077,0.3774812155929717,0.4804970802596941,0.6858413677269067,0.00091552734375,215.4879189285549,12.701072182055547,0.0050048828125,107.74395945755795,6.350536090631692,215.4879189285549,1.3440683233056916e-08,0.9999999999376268,0.0008544921875,46,True,59.22529380002046,58.576997951376875,0.0,farside
-36.128474948427154,103.458984375,3,210.5,20.737470986234133,0.05474218753475117,0.03987279357573167,0.11047794812729604,0.1886938844569841,0.2950888625917199,0.0,0.0,0.0,0.0,0.0,0.0,0.0,0.0,1.0,0.0,0,True,59.225293799972235,47.83609001573806,0.0,farside
15.434838190832078,104.572265625,18,449.5,81.61087145027122,0.08984759699458847,0.05488203579456067,0.1711794918115085,0.23481843702679486,0.43242883747300837,0.0,0.0,0.0,0.0,0.0,0.0,0.0,0.0,1.0,0.0,0,True,59.225293799972235,57.08925996074565,0.0,farside
-16.10129022673427,106.400390625,12,798.0,154.38023747340281,0.17738226678310315,0.11242511942763654,0.3293641204126633,0.5266492674912241,0.85506587283386,0.0028076171875,207.82578731546496,29.66751263837147,0.0020751953125,112.49793216505873,15.499999999999545,207.82578731546496,4.825174926281761e-09,0.9999999999767826,0.00274658203125,283,True,59.225293799972235,56.90205781911358,0.0,farside
-8.485307680663237,107.126953125,13,1103.0,169.897351102677,0.15574213151957497,0.07793891975034523,0.265702757066192,0.3521425310065239,0.4895623479957451,0.0,0.3270054773881981,0.3270054773881981,6.103515625e-05,0.163502738329953,0.163502738329953,0.3270054773881981,7.282920932993875e-10,0.9999999977728443,0.0,39,True,59.22529380002046,58.576997951376875,0.0,farside
-16.271460111541803,109.6015625,11,1802.0,383.30215038224026,0.20322228790521568,0.09035765992817789,0.3271480237868075,0.4104038452383137,0.6033763147636476,6.103515625e-05,38.980866552229806,17.1958055522558,0.000732421875,18.75963108446468,8.780603323559163,38.980866552229806,1.367631341508968e-09,0.9999999999649153,0.0,47,True,59.225293799972235,56.85302330631578,0.0,farside
4.732929733319391,109.880859375,15,2565.0,551.5072014380942,0.2625906912232764,0.059020973283315466,0.342213329111085,0.4114002687113125,0.5110578941788632,0.0,1.827005477388198,1.827005477388198,6.103515625e-05,0.9135027382545218,0.9135027382545218,1.827005477388198,8.79154526955972e-10,0.9999999995188003,0.0,42,True,59.22529380002046,59.023343218537704,0.0,farside
26.63684539668393,112.443359375,20,1003.5,162.43993782619228,0.15819860835650296,0.10143063446391871,0.2929088330547056,0.47814782985687676,0.557943761139659,0.0,2.3617549604772385,0.9539183201590795,0.00018310546875,1.1808774792915528,0.4769591596970031,2.3617549604772385,1.894132850566166e-09,0.9999999991979978,0.0,41,True,59.225293799972235,52.93948298066018,0.0,farside
31.74338426056943,114.20703125,21,464.0,103.88986047925513,0.11476703544005606,0.0565173897345901,0.19006838903632817,0.25889007708322875,0.41020490751069194,0.0,0.0,0.0,0.0,0.0,0.0,0.0,0.0,1.0,0.0,0,True,59.225293799972235,50.36595855401552,0.0,farside
-36.128474948427154,114.5,3,2432.5,677.5561943669702,0.3556772732500803,0.18569366849152905,0.5479054795426742,0.6304629659244297,0.9462775141542543,0.04425048828125,3621.411193896443,61.052587015751186,0.06463623046875,1874.7394628963675,27.603118988059457,3621.411193896443,8.912230953228573e-09,0.999999999997539,0.03466796875,277,True,59.225293799972235,47.83609001573806,0.0,farside
-2.769746663798468,115.49609375,14,1509.0,247.73184414469011,0.1547600641031075,0.07713894326378319,0.2635020549499691,0.36340148242538384,0.47487648309754993,0.0,0.0,0.0,0.0,0.0,0.0,0.0,0.0,1.0,0.0,0,True,59.22529379998429,59.15610632466752,0.0,farside
15.434838190832078,115.541015625,18,427.5,85.0561224077823,0.10395031171845044,0.06599587096163842,0.19710503752811406,0.3011164931692301,0.5168898193210771,0.0,2.3865024800657864,2.0594970026497634,0.0001220703125,1.1932512394586468,1.029748500829328,2.3865024800657864,1.1484928563731955e-09,0.9999999995187548,0.0,42,True,59.225293799972235,57.08925996074565,0.0,farside
-36.128474948427154,115.775390625,3,1535.0,457.41713824470526,0.20431635454148822,0.09916300471029985,0.3366207531010251,0.38914721131058894,0.5148353125595413,0.0,3.481016432248069,2.327005477416023,0.00018310546875,1.740508215621503,1.1635027383722445,3.481016432248069,1.0050626997326617e-09,0.9999999997112732,0.0,43,True,59.225293799972235,47.83609001573806,0.0,farside
31.74338426056943,116.0234375,21,1017.5,245.35593460899057,0.1545252152825506,0.08538647225189874,0.2789954259021483,0.3673527551251292,0.46319880309279154,0.0,2.4388419143330466,2.4388419143330466,6.103515625e-05,1.2194209568144174,1.2194209568144743,2.4388419143330466,7.041549565656169e-10,0.9999999997112748,0.0,43,True,59.225293799972235,50.36595855401552,0.0,farside
15.199349518928132,116.060546875,17,679.5,160.06488787121475,0.11365172231367346,0.06965626835807368,0.21714440526022863,0.301126407497998,0.4556192661735231,0.0,1.0223949015990215,1.0223949015990215,6.103515625e-05,0.5111974503894885,0.5111974503894885,1.0223949015990215,8.200444767680892e-10,0.999999999197918,0.0,41,True,59.225293799972235,57.15356169566894,0.0,farside
-16.271460111541803,117.4765625,11,865.0,199.2230721367237,0.19063779863227887,0.09380572359846662,0.3233469509381082,0.40231275973058067,0.480881386431687,0.0,5.022811029671821,4.827005477416023,0.0001220703125,2.511405514400849,2.4135027382899352,5.022811029671821,8.701235287844611e-10,0.9999999998267656,0.0,44,True,59.225293799972235,56.85302330631578,0.0,farside
-28.719831063654787,120.763671875,6,960.5,139.30476035531555,0.14293829199742786,0.08294108587896261,0.2611710129378828,0.3820091134090231,0.7268576906078643,0.0001220703125,159.3699634441448,156.21595248931274,0.00018310546875,34.729147644103016,33.152142166960175,159.3699634441448,1.4668195547073992e-09,0.9999999999907961,0.0,44,True,59.225293799972235,51.93939208450547,0.0,farside
-16.271460111541803,120.888671875,11,949.5,174.96390308820594,0.15973933309644098,0.08362328088083744,0.27909915708615674,0.3823541646018765,0.5340959293700381,0.0,34.632888836092775,9.695805552255798,0.0009765625,17.31644441696608,4.847902775825332,34.632888836092775,2.1606183508993126e-09,0.9999999999376137,0.0,46,True,59.225293799972235,56.85302330631578,0.0,farside
-2.769746663798468,121.423828125,14,581.0,90.22502410657408,0.11379269554241879,0.08269964954271217,0.24602954753618503,0.34244392460995726,0.4911476202669766,0.0,0.0,0.0,0.0,0.0,0.0,0.0,0.0,1.0,0.0,0,True,59.22529379998429,59.15610632466752,0.0,farside
12.379652013084048,122.142578125,16,1418.0,305.65347597035174,0.20849519912547093,0.10313533231211716,0.35859922133958266,0.42923058664887637,0.5311022225314124,0.0,5.60789810666023,1.621579621332046,0.00030517578125,2.803949051980851,0.8107898102758213,5.60789810666023,2.698754997254582e-09,0.9999999995187582,0.0,42,True,59.22529380002046,57.84821556094966,0.0,farside
-28.260032363701665,122.341796875,7,449.0,67.27991941582302,0.09678308035348093,0.05340247530492476,0.16993147253002291,0.2513116208970828,0.3660905307014144,0.0,0.0,0.0,0.0,0.0,0.0,0.0,0.0,1.0,0.0,0,True,59.22529380006868,52.16610354777753,0.0,farside
4.732929733319391,122.3671875,15,982.5,192.7848383626638,0.1416454079270733,0.08377776909626786,0.25344111841633743,0.40624470222928005,0.6430142950865658,0.000244140625,15.924547395068345,6.827005477388198,0.000244140625,8.962273696560715,4.827005476415252,15.924547395068345,1.9487345070956508e-09,0.999999999877627,6.103515625e-05,99,True,59.22529380002046,59.023343218537704,0.0,farside
-28.21697271744572,122.53515625,8,623.0,162.0911725409078,0.1319876275093702,0.07157516393009514,0.23309217052121625,0.3112250681600252,0.5668469964212621,0.0,59.930024836763295,59.930024836763295,6.103515625e-05,13.748205259757356,13.748205259757299,59.930024836763295,6.105551619839389e-10,0.9999999999898121,0.0,45,True,59.225293799972235,52.1871630139244,0.0,farside
15.434838190832078,122.787109375,18,2406.5,509.76264412877947,0.28460542866524763,0.10423763015812258,0.4161183885984798,0.5013094884350291,0.6389817135970269,0.00042724609375,253.57531664435112,16.059497002649763,0.00396728515625,127.34715532321987,8.029748501324832,253.57531664435112,2.2734383264833014e-09,0.9999999999910345,0.00030517578125,163,True,59.225293799972235,57.08925996074565,0.0,farside
26.63684539668393,122.8984375,20,890.5,211.73283097840977,0.1829658567652407,0.09164600844393618,0.3064295447077094,0.4000319953952046,0.5018661011669432,0.0,0.0,0.0,0.0,0.0,0.0,0.0,0.0,1.0,0.0,0,True,59.225293799972235,52.93948298066018,0.0,farside
40.00950383082666,123.201171875,24,939.5,222.54580610403434,0.15046897577656745,0.07083240437666359,0.2463244953972787,0.334010258782774,0.48404770991904666,0.0,0.0,0.0,0.0,0.0,0.0,0.0,0.0,1.0,0.0,0,True,59.225293800165126,45.36289191073173,0.0,farside
31.84621225618417,123.306640625,22,1010.0,264.84078560862105,0.14794742515550824,0.06574734975337228,0.23025135980307485,0.31754022122320213,0.49931108864158136,0.0,0.0,0.0,0.0,0.0,0.0,0.0,0.0,1.0,0.0,0,True,59.225293799972235,50.30995617317594,0.0,farside
-28.21697271744572,124.337890625,8,2099.5,558.820293304545,0.26342875990673675,0.11051750162103816,0.3891418599174142,0.46633172843921605,0.5848062118007965,6.103515625e-05,25.617079987705907,5.827005477416023,0.00079345703125,12.808539992521332,2.9135027384052137,25.617079987705907,2.6632420713212923e-09,0.9999999998960365,6.103515625e-05,45,True,59.225293799972235,52.1871630139244,0.0,farside
18.160694467641463,124.609375,19,661.0,130.59339851742638,0.12323688050245636,0.0895166385998361,0.2535561059755851,0.38157765214099315,0.5578315508228985,0.0,12.117183374005776,5.029295843501444,0.000244140625,6.058591685953388,2.514647921315145,12.117183374005776,2.0990000848541968e-09,0.9999999998267749,0.0,44,True,59.22529380006868,56.27505053119334,0.0,farside
-50.18634058551348,125.51953125,1,1920.5,438.46245370682954,0.33858833488455753,0.11967342614122056,0.5192026747654765,0.6090198190193902,0.7845260818229178,0.0228271484375,1419.8590358120173,15.11927623742623,0.03997802734375,926.7802036809728,10.077104902137307,1419.8590358120173,0.002529299087743908,0.9999982186266214,0.02679443359375,2000,False,59.225293799972235,37.921531650907745,0.0,farside
-8.485307680663237,127.15234375,13,1634.5,358.6746905185177,0.22379275850121993,0.07246458005987179,0.31250632829905717,0.39126439737513613,0.5011988233748259,0.0,9.528077659443746,5.827005477388198,0.0001220703125,3.3973289337595816,3.3973289337595816,9.528077659443746,6.809983688071952e-10,0.9999999999285272,0.0,44,True,59.22529380002046,58.576997951376875,0.0,farside
26.63684539668393,127.361328125,20,1000.0,314.6108887205218,0.17687010990473548,0.11597298938122755,0.35007455455987035,0.4156342289864838,0.5228206813592181,0.0,7.1887604378932615,2.4539183201590795,0.000244140625,3.594380217908906,1.226959159725311,7.1887604378932615,2.0754491458774282e-09,0.9999999997112925,0.0,43,True,59.225293799972235,52.93948298066018,0.0,farside
-8.485307680663237,128.181640625,13,1309.0,239.57932448900107,0.18779003326383992,0.07937525327815474,0.28999687598894447,0.40250895898573746,0.5948958927644482,6.103515625e-05,5.836099568996538,1.327005477388198,0.0003662109375,2.9180497836941868,0.8270054765853274,5.836099568996538,1.6081642684184771e-09,0.9999999997244454,6.103515625e-05,93,True,59.22529380002046,58.576997951376875,0.0,farside
-2.769746663798468,128.224609375,14,2208.5,611.0578604289085,0.4137342594399197,0.15679929089313616,0.5622308891255808,0.6259321987343686,0.7552824572978705,0.06011962890625,1747.5403012641902,15.193932128075907,0.04473876953125,1148.0232152959552,10.990508216110356,1747.5403012641902,1.2632446626525962e-06,0.9999999992771299,0.06231689453125,2000,False,59.22529379998429,59.15610632466752,0.0,farside
-28.260032363701665,128.80078125,7,846.0,127.3564756118482,0.13604910073346482,0.08655744309851647,0.27581178810004464,0.3637279325053677,0.465167789363154,0.0,2.9001582529323677,2.9001582529323677,6.103515625e-05,1.4500791260475125,1.4500791260475125,2.9001582529323677,8.373426396701689e-10,0.999999999711277,0.0,43,True,59.22529380006868,52.16610354777753,0.0,farside
-17.326249227274616,129.908203125,10,1873.5,444.5137234044508,0.3017073166031448,0.17185324805232136,0.5256782459079283,0.6294695057973435,0.824430683389417,0.02996826171875,1483.2104711836014,26.204628988985576,0.0181884765625,796.8926141177708,16.044290178236224,1483.2104711836014,1.1003365329997905e-08,0.9999999999925814,0.03045654296875,388,True,59.225293799972235,56.53791419138726,0.0,farside
-28.260032363701665,130.03125,7,1158.5,319.41108562098236,0.17400826560828392,0.08986798196291465,0.29324710133000526,0.39941467277227594,0.5290406126359044,0.0,38.90174078225604,7.900158252932368,0.00067138671875,19.450870389106626,3.950079126055698,38.90174078225604,4.042792767222636e-09,0.9999999998960768,0.0,45,True,59.22529380006868,52.16610354777753,0.0,farside
-29.86573638555707,131.193359375,5,531.5,116.38609561404466,0.10698088718969302,0.05939526912934236,0.19088381031776505,0.26333706046083366,0.42453516990620427,0.0,0.0,0.0,0.0,0.0,0.0,0.0,0.0,1.0,0.0,0,True,59.225293799972235,51.35986065178534,0.0,farside
-8.485307680663237,131.3359375,13,582.0,137.6973595578097,0.10786673307587151,0.062491521305137285,0.19617817723741862,0.27233295939453805,0.40721297571634135,0.0,2.7010721820555474,2.7010721820555474,6.103515625e-05,1.3505360906378883,1.3505360906378883,2.7010721820555474,7.797709145052067e-10,0.9999999997113106,0.0,43,True,59.22529380002046,58.576997951376875,0.0,farside
40.00950383082666,132.560546875,24,671.5,131.21015865395938,0.1357019878641072,0.08624589874770049,0.27270371896719053,0.3427385546792869,0.6005563619293122,6.103515625e-05,0.3256113675077934,0.3256113675077934,6.103515625e-05,0.16280568339118417,0.16280568339118417,0.3256113675077934,7.254250533605955e-10,0.9999999977721139,6.103515625e-05,39,True,59.225293800165126,45.36289191073173,0.0,farside
15.434838190832078,133.1171875,18,2346.0,477.50522722523993,0.25714187216388396,0.08758107550767491,0.37343114091711443,0.45839052799340096,0.6754907047829208,0.00048828125,113.07094604769574,23.559497002649763,0.0010986328125,56.53547302173229,11.779748500884125,113.07094604769574,4.231395678289118e-09,0.9999999999625775,6.103515625e-05,47,True,59.225293799972235,57.08925996074565,0.0,farside
12.379652013084048,133.21484375,16,843.5,125.25179339110129,0.155899996078723,0.0916039238127329,0.2751675827159645,0.437925501902358,0.7013313590236855,0.00030517578125,56.934669834985556,12.327005477388198,0.0008544921875,28.747983747356557,7.168444117923173,56.934669834985556,1.7861623291537398e-09,0.9999999999686279,0.000244140625,102,True,59.22529380002046,57.84821556094966,0.0,farside
18.160694467641463,133.2421875,19,1086.0,262.98995226684895,0.15145990130190315,0.06373348882599186,0.2327000648068641,0.3183863817472742,0.46776044243579207,0.0,0.0,0.0,0.0,0.0,0.0,0.0,0.0,1.0,0.0,0,True,59.22529380006868,56.27505053119334,0.0,farside
-37.20400040774718,133.724609375,2,576.0,144.30839296598597,0.12370289493110748,0.06991554028012233,0.22050029873204705,0.28991076857296033,0.45493309431147916,0.0,1.5632601908092028,0.7816300954046014,0.0001220703125,0.7816300947776966,0.3908150473888554,1.5632601908092028,1.2537952898128424e-09,0.9999999991979612,0.0,41,True,59.225293799972235,47.17221820553796,0.0,farside
-17.326249227274616,133.95703125,10,2353.0,633.843677787071,0.2906810185264458,0.09840069348475035,0.4180015199444945,0.4826928789814709,0.6079727405193941,0.0001220703125,44.37129084246729,11.327005477416023,0.00067138671875,19.980080530833447,6.29738239101016,44.37129084246729,2.652953412507486e-09,0.9999999999402102,0.0001220703125,95,True,59.225293799972235,56.53791419138726,0.0,farside
26.63684539668393,136.68359375,20,1230.5,319.68055348348463,0.2747733009412987,0.11614129574747309,0.408769858578174,0.47651531961158466,0.5914424644435745,6.103515625e-05,53.617549604772385,5.9539183201590795,0.0018310546875,26.808774799603725,2.9769591597701037,53.617549604772385,5.564935179336317e-09,0.9999999998962106,6.103515625e-05,45,True,59.225293799972235,52.93948298066018,0.0,farside
15.199349518928132,138.439453125,17,837.5,206.9350911379344,0.1463134307450156,0.07658135288663508,0.24861383355077804,0.3588341681376219,0.4984610453390003,0.0,0.0,0.0,0.0,0.0,0.0,0.0,0.0,1.0,0.0,0,True,59.225293799972235,57.15356169566894,0.0,farside
-16.10129022673427,140.01171875,12,1449.5,228.17846456535716,0.24191350725597424,0.18243976072778245,0.46924376647211835,0.5561566066003917,7.542542272946664,0.00445556640625,3429.107313503246,3187.989036231575,0.0057373046875,890.4373002583163,769.8649972724779,3429.107313503246,4.48619630333269e-09,0.9999999999986917,0.00531005859375,567,True,59.225293799972235,56.90205781911358,0.0,farside
-36.128474948427154,142.73046875,3,925.5,214.90201825808091,0.14628261575270818,0.07894775078370354,0.23312945487533066,0.4243370829928731,0.5842587072702032,6.103515625e-05,12.421309721092598,7.327005477416023,0.00030517578125,6.210654859900842,3.6635027383272245,12.421309721092598,1.29091404232895e-09,0.9999999998960726,0.0,45,True,59.225293799972235,47.83609001573806,0.0,farside
39.13346264888521,143.962890625,23,962.5,249.82069053296632,0.15928174465095563,0.06846190336061048,0.249998465766005,0.31237459617326574,0.40793316111024525,0.0,2.327005477416023,2.327005477416023,6.103515625e-05,1.1635027383722445,1.1635027383722445,2.327005477416023,6.715339395668707e-10,0.9999999997114172,0.0,43,True,59.225293799972235,45.9397538305037,0.0,farside
-2.769746663798468,145.66796875,14,2124.0,536.8560441159676,0.28805835663067203,0.14286300551910694,0.47360112823064315,0.5521532311142414,0.7598575086020998,0.005615234375,777.645819724665,30.86692665066684,0.0142822265625,413.76805887631576,15.988727015827408,777.645819724665,6.1693299358012155e-09,0.9999999999920667,0.0040283203125,280,True,59.22529379998429,59.15610632466752,0.0,farside
-17.326249227274616,146.455078125,10,1827.0,405.47817478986383,0.20776406532588074,0.06998409956281385,0.29941391890300056,0.37679854693109904,0.4978788457837517,0.0,5.132870534708658,2.8776235115695528,0.00018310546875,2.566435266613297,1.4388117553693291,5.132870534708658,1.4820642491031322e-09,0.9999999997112602,0.0,43,True,59.225293799972235,56.53791419138726,0.0,farside
-28.260032363701665,146.486328125,7,573.5,138.50216091195975,0.12334996850244585,0.06678551245518866,0.21064915504910803,0.288189398790205,0.6632019457740757,0.0001220703125,30.60063301172947,9.400158252932368,0.000244140625,15.300316504274292,4.700079125977652,30.60063301172947,3.18085824346781e-09,0.9999999998960525,6.103515625e-05,45,True,59.22529380006868,52.16610354777753,0.0,farside
-17.326249227274616,146.791015625,10,1036.0,223.81521548125306,0.13014256292434484,0.0754737036816284,0.22582328031889062,0.3399453974218174,0.5166560966636861,0.0,0.37762351156955276,0.37762351156955276,6.103515625e-05,0.18881175536398587,0.18881175536398587,0.37762351156955276,8.415810270889779e-10,0.9999999977713755,0.0,39,True,59.225293799972235,56.53791419138726,0.0,farside
31.74338426056943,146.998046875,21,492.5,93.56111014938898,0.15494758535661793,0.0932298074666925,0.28923639663843975,0.3852676477798316,0.5133259806826015,0.0,3.8776838286660933,3.4388419143330466,0.0001220703125,1.9388419137735582,1.719420956670092,3.8776838286660933,1.118976911129721e-09,0.9999999997114316,0.0,43,True,59.225293799972235,50.36595855401552,0.0,farside
39.13346264888521,150.02734375,23,800.5,183.6762231144884,0.14356110951800488,0.0700365994419425,0.24121189031540644,0.3109060749122023,0.4342501550307646,0.0,0.0,0.0,0.0,0.0,0.0,0.0,0.0,1.0,0.0,0,True,59.225293799972235,45.9397538305037,0.0,farside
31.74338426056943,150.939453125,21,1491.0,375.1449071145294,0.19888769769936332,0.07251020193403855,0.2927422703946349,0.37966302054170237,0.4635455416160285,0.0,0.0,0.0,0.0,0.0,0.0,0.0,0.0,1.0,0.0,0,True,59.225293799972235,50.36595855401552,0.0,farside
-8.485307680663237,151.1640625,13,1517.0,320.8442573411858,0.18986723718143605,0.08397879982766987,0.29543178354340166,0.38874687815807735,0.5570787595929534,0.0,16.907505274388832,5.701072182055547,0.00042724609375,8.45375263573078,2.850536090534206,16.907505274388832,2.927272646502388e-09,0.9999999998268655,0.0,44,True,59.22529380002046,58.576997951376875,0.0,farside
12.379652013084048,151.7265625,16,1466.5,273.1555091896044,0.15427546978113837,0.1308011585121771,0.2543759260182652,0.4028428424710931,6.158409715545816,0.00048828125,4062.794340394881,674.6215796213321,0.00244140625,930.3729377283919,607.1881646390773,4062.794340394881,3.1238442943504197e-09,0.9999999999992311,0.0008544921875,292,True,59.22529380002046,57.84821556094966,0.0,farside
-31.017135333423887,152.06640625,4,1168.0,265.7070127328943,0.1656392303278571,0.06933703624588929,0.2570606824591397,0.3311930697102408,0.4321434312972397,0.0,0.0,0.0,0.0,0.0,0.0,0.0,0.0,1.0,0.0,0,True,59.225293799972235,50.75686039409525,0.0,farside
-37.20400040774718,152.08203125,2,1088.0,246.37089145338183,0.19079884990787183,0.0847299470227525,0.30138520692734627,0.38639410157008786,0.5295943700027105,0.0,9.390265668225226,8.327005477416023,0.00018310546875,4.695132833624655,4.16350273827527,9.390265668225226,9.759162367117824e-10,0.9999999998960715,0.0,45,True,59.225293799972235,47.17221820553796,0.0,farside
40.00950383082666,152.314453125,24,1169.5,297.6239452672671,0.17994564597058577,0.09561625989185128,0.3105444718435629,0.3973900594042666,0.5310069812980803,0.0,11.45366820504676,3.8256113675077934,0.0003662109375,5.726834101531551,1.9128056834225617,11.45366820504676,1.9843398035845894e-09,0.9999999998267507,0.0,44,True,59.225293800165126,45.36289191073173,0.0,farside
-2.769746663798468,153.27734375,14,1979.5,446.3584682476778,0.21092645878089533,0.07521443968391771,0.31168839673881094,0.4007488541415492,0.5448933874458101,0.0,0.0,0.0,0.0,0.0,0.0,0.0,0.0,1.0,0.0,0,True,59.22529379998429,59.15610632466752,0.0,farside
-28.719831063654787,153.33203125,6,842.0,180.59871848007717,0.10766163602632536,0.06447282912023837,0.2023349035801796,0.2821940848901112,0.3759939772357822,0.0,3.061941534480688,2.030970767240344,0.0001220703125,1.5309707665037422,1.0154853831315904,3.061941534480688,1.4732037811882037e-09,0.9999999995188661,0.0,42,True,59.225293799972235,51.93939208450547,0.0,farside
-31.017135333423887,153.78515625,4,1377.0,252.05811636194346,0.19404670698011955,0.10244241241809211,0.35128687620009924,0.4482010565680927,0.6264388371504644,0.0001220703125,83.6592942925921,8.713291552607043,0.0015869140625,41.829647141948044,4.3566457758507795,83.6592942925921,8.695831610339155e-09,0.9999999998960566,0.0001220703125,45,True,59.225293799972235,50.75686039409525,0.0,farside
-28.260032363701665,153.95703125,7,2127.5,650.2349578927684,0.34572542737773043,0.18588552953467014,0.525371076462485,0.7042079120361279,1.3250252871191337,0.0272216796875,6770.277172367882,113.80031650586474,0.0438232421875,3640.1799474707664,41.51190785173549,6770.277172367882,6.1627929426322225e-09,0.9999999999990897,0.02789306640625,850,True,59.22529380006868,52.16610354777753,0.0,farside
-16.271460111541803,154.623046875,11,2384.0,605.8552585301817,0.3261898297489797,0.10492380096737827,0.458357118865963,0.5179165914294179,0.6573653207553437,0.0009765625,101.65003747472315,19.02281102967182,0.0025634765625,48.195260296504216,9.513502738395573,101.65003747472315,3.4758116385091853e-09,0.9999999999658061,0.0008544921875,47,True,59.225293799972235,56.85302330631578,0.0,farside
31.84621225618417,155.197265625,22,2519.0,484.19438198791784,0.280572282562412,0.20866105084088274,0.5904562697265845,0.6625538355369732,0.8652935648161374,0.1390380859375,1116.4657320813913,20.298160765493506,0.03131103515625,709.2824801387676,18.09221265320332,1116.4657320813913,9.551087032377836e-09,0.9999999999914453,0.14361572265625,1946,True,59.225293799972235,50.30995617317594,0.0,farside
-31.017135333423887,155.65625,4,773.0,159.68868562417498,0.1337706226965743,0.07102281575918158,0.21729497742054651,0.38743260391690465,0.590995901236873,6.103515625e-05,4.926583105214085,2.7132915526070427,0.0001220703125,2.463291551895736,1.3566457759118293,4.926583105214085,1.4226131384020846e-09,0.9999999997112373,0.0,43,True,59.225293799972235,50.75686039409525,0.0,farside
15.434838190832078,156.435546875,18,1165.0,197.73487501641674,0.20276296488169307,0.11984396517153117,0.3966143748178444,0.496260951060086,0.7170770725724741,0.0003662109375,100.07094604769574,20.559497002649763,0.001220703125,51.59497002553809,11.72616366849752,100.07094604769574,1.9193748812540434e-09,0.9999999999808199,0.00018310546875,102,True,59.225293799972235,57.08925996074565,0.0,farside
-8.485307680663237,156.556640625,13,1229.5,251.4369548478736,0.20088692331355462,0.08738256704919208,0.31807325624232785,0.3911749570344353,0.5450035265591363,0.0,5.654010954776396,4.827005477388198,0.0001220703125,2.8270054768981936,2.413502738275838,5.654010954776396,9.800089628697606e-10,0.9999999998266701,0.0,44,True,59.22529380002046,58.576997951376875,0.0,farside
39.13346264888521,157.28125,23,546.0,90.9243699699353,0.13595164323324255,0.0825945377073118,0.2517012820518873,0.3898660835856956,0.4947363235242465,0.0,0.0,0.0,0.0,0.0,0.0,0.0,0.0,1.0,0.0,0,True,59.225293799972235,45.9397538305037,0.0,farside
-8.485307680663237,157.337890625,13,1580.5,415.3648128486082,0.21994960074038297,0.09357369075790821,0.33601047715611826,0.41917242454269377,0.5961265406161487,6.103515625e-05,16.23451075177703,5.201072182055547,0.00048828125,8.11725537448217,2.6005360905772363,16.23451075177703,2.812747368352575e-09,0.9999999998267427,6.103515625e-05,44,True,59.22529380002046,58.576997951376875,0.0,farside
-50.18634058551348,157.69921875,1,699.5,148.27521557499995,0.15726098494672214,0.07166290757552436,0.25262068077127753,0.3606681330432099,0.4786363760414815,0.0,55.83973464793446,5.619276237426231,0.001708984375,27.919867319132663,2.809638118226303,55.83973464793446,9.66913660249702e-09,0.9999999998268413,0.0,44,True,59.225293799972235,37.921531650907745,0.0,farside
-50.18634058551348,158.83984375,1,262.5,35.67365207644344,0.047416557411371574,0.05433192925120858,0.11215299772966791,0.27794454064648993,0.5434655329579936,0.0,263.08788909468865,14.11927623742623,0.0042724609375,125.69297965474743,7.059638118273142,263.08788909468865,1.4946895277034855e-08,0.9999999999431867,0.0,46,True,59.225293799972235,37.921531650907745,0.0,farside
15.434838190832078,161.12109375,18,1165.0,234.72087214733665,0.20291996863157985,0.14755846390491847,0.45437390005742595,0.538779051217899,0.6087105630173069,0.000732421875,60.712838143087225,4.559497002649763,0.0035400390625,31.05874640743886,2.279748501324775,60.712838143087225,5.475840225699358e-09,0.9999999999098076,0.00067138671875,96,True,59.225293799972235,57.08925996074565,0.0,farside
31.84621225618417,161.3671875,22,1800.0,502.74757453046715,0.22745187693137447,0.11075304627614907,0.38475395219388603,0.44296183890976715,0.5615620165999743,0.0,4.654010954832046,3.827005477416023,0.0001220703125,2.32700547701279,1.913502738376792,4.654010954832046,8.061249445745489e-10,0.9999999998267892,0.0,44,True,59.225293799972235,50.30995617317594,0.0,farside
-50.18634058551348,161.880859375,1,757.0,206.21103680438767,0.1855871142851713,0.09661344824862225,0.3102497498093637,0.4642819191095603,0.7450669865875976,0.0003662109375,1166.057181016396,28.11927623742623,0.0089111328125,534.4400618594459,17.536966837629734,1166.057181016396,3.74938124991786e-08,0.9999999999678456,0.0,47,True,59.225293799972235,37.921531650907745,0.0,farside
39.13346264888521,162.24609375,23,995.5,223.9664161611545,0.1666222465732978,0.07351213797085207,0.2566971249258709,0.33843280322868013,0.5280114087102563,0.0,0.0,0.0,0.0,0.0,0.0,0.0,0.0,1.0,0.0,0,True,59.225293799972235,45.9397538305037,0.0,farside
-37.20400040774718,163.025390625,2,2090.0,541.284308762893,0.2998199153021236,0.10016894494583477,0.4267276171575073,0.49392839327158433,0.7010347216335571,0.0010986328125,347.30247300980164,29.827005477416023,0.00421142578125,173.08997511021084,15.141665748248215,347.30247300980164,3.752056443317997e-09,0.9999999999891965,0.0006103515625,373,True,59.225293799972235,47.17221820553796,0.0,farside
-29.86573638555707,163.037109375,5,943.0,152.02952399104439,0.15432910980160375,0.13341197584085684,0.377286981658661,0.5386915165093841,0.77803116237244,0.00274658203125,153.28800192819514,20.865360403919862,0.00250244140625,69.81318703735678,13.489179843805232,153.28800192819514,5.23417753583999e-09,0.999999999965854,0.00262451171875,96,True,59.225293799972235,51.35986065178534,0.0,farside
40.00950383082666,163.98828125,24,988.5,291.79373935428595,0.1752751821411757,0.08933533082098809,0.2920054175705108,0.36728358753660945,0.5168665037155495,0.0,0.0,0.0,0.0,0.0,0.0,0.0,0.0,1.0,0.0,0,True,59.225293800165126,45.36289191073173,0.0,farside
-31.017135333423887,164.279296875,4,1102.5,234.01600231660595,0.17213923020753483,0.13085832281418436,0.3740062690652276,0.5088840384488508,0.7482646130315469,0.00115966796875,204.25234885565848,21.213291552607043,0.00372314453125,105.12376096448497,12.213291551727707,204.25234885565848,4.427846533872071e-09,0.9999999999783217,0.000732421875,102,True,59.225293799972235,50.75686039409525,0.0,farside
26.63684539668393,164.296875,20,880.5,203.50438824479582,0.12368794682970133,0.0861423983600414,0.2617125050041924,0.3441722555330487,0.4699199330596122,0.0,0.0,0.0,0.0,0.0,0.0,0.0,0.0,1.0,0.0,0,True,59.225293799972235,52.93948298066018,0.0,farside
31.74338426056943,166.763671875,21,2711.0,515.657385900972,0.2873191494742827,0.12583192484404304,0.43651683123561463,0.5167742144821567,0.6639632273595005,0.00030517578125,226.2081986886489,10.938841914333047,0.0037841796875,113.35409934345228,5.469420957166506,226.2081986886489,1.748460931594309e-09,0.9999999999922705,0.000244140625,97,True,59.225293799972235,50.36595855401552,0.0,farside
15.199349518928132,167.58203125,17,362.0,57.421753674820124,0.10113008983749464,0.06799035847574653,0.18222424025805212,0.34453447117042596,0.5668656995545787,0.0,3.5223949015990215,3.5223949015990215,6.103515625e-05,1.7611974504944143,1.7611974504944143,3.5223949015990215,6.102283123254892e-10,0.9999999998267576,0.0,44,True,59.225293799972235,57.15356169566894,0.0,farside
-29.86573638555707,167.701171875,5,506.5,95.82740900061647,0.09918395154318592,0.07470494098656867,0.19458595041611115,0.3749130622164584,0.4833890194951728,0.0,0.0,0.0,0.0,0.0,0.0,0.0,0.0,1.0,0.0,0,True,59.225293799972235,51.35986065178534,0.0,farside
-16.271460111541803,168.958984375,11,978.0,220.9375666754296,0.1516977429582103,0.06808703277246715,0.24047425553292073,0.3170987418897165,0.8760809237832753,0.00018310546875,190.04562205934366,56.6958055522558,0.000244140625,41.7481324234725,41.7481324234725,190.04562205934366,7.411031788251421e-10,0.9999999999961003,0.0,46,True,59.225293799972235,56.85302330631578,0.0,farside
-36.128474948427154,173.03125,3,721.0,154.48422086292362,0.13753395431580823,0.07503778161458936,0.23241826030805934,0.3440132653710676,0.5690715477765956,0.0,416.60317214250176,15.898576060919144,0.004150390625,208.30158605826546,7.949288029964009,416.60317214250176,2.5970862793656124e-08,0.9999999999376604,0.0,46,True,59.225293799972235,47.83609001573806,0.0,farside
39.13346264888521,173.962890625,23,876.0,194.6801459364309,0.148382741641876,0.10867900630006073,0.30260821955429296,0.3867336350011933,0.5381793768698793,0.0,1.4855240795987399,0.9927620397993699,0.0001220703125,0.742762039203626,0.49638101950154123,1.4855240795987399,1.1914877973140392e-09,0.9999999991979344,0.0,41,True,59.225293799972235,45.9397538305037,0.0,farside
-16.271460111541803,175.044921875,11,3962.5,894.116742284165,0.4351414961692723,0.16542488465266603,0.6251294150828702,1.023372669662158,1.761135014822775,0.15203857421875,26395.30909656923,180.7186165819276,0.22119140625,35483.0415279147,94.68728599618089,26395.30909656923,359.45241217064176,0.9863819585951595,0.21405029296875,2000,False,59.225293799972235,56.85302330631578,0.0,farside
15.434838190832078,175.37890625,18,1097.5,245.8210897359873,0.1643540288710855,0.08869969642361261,0.28571555610711347,0.4170632366693256,0.5156529243782311,0.0,0.0,0.0,0.0,0.0,0.0,0.0,0.0,1.0,0.0,0,True,59.225293799972235,57.08925996074565,0.0,farside
39.13346264888521,176.59765625,23,418.0,66.50919259760194,0.08452941315175064,0.04666354595148254,0.14765792423087115,0.2150399131994212,0.35534618843210697,0.0,0.0,0.0,0.0,0.0,0.0,0.0,0.0,1.0,0.0,0,True,59.225293799972235,45.9397538305037,0.0,farside
4.732929733319391,176.69140625,15,1026.5,227.62827032880443,0.1690067289756352,0.10035259906122104,0.3252088041290836,0.42042690052466064,0.5708129544620973,0.0,31.43172221771445,7.9435309629037505,0.00048828125,15.585058916290564,3.9717654810388012,31.43172221771445,3.2228086865870864e-09,0.9999999998974664,0.0,45,True,59.22529380002046,59.023343218537704,0.0,farside
-31.017135333423887,178.158203125,4,703.5,155.5988831376033,0.20054584537889295,0.09131425306451228,0.320719935505183,0.407333635785002,0.8268700089340896,0.0001220703125,92.27996734915179,72.58059406004614,0.00103759765625,33.32079836333105,23.471111718785323,92.27996734915179,1.9811317031326325e-09,0.9999999999785313,0.0001220703125,100,True,59.225293799972235,50.75686039409525,0.0,farside
31.84621225618417,178.44921875,22,1783.0,447.14145707466713,0.3015570797755881,0.167292954511084,0.5196359335742374,0.609198051084809,0.7511614805283235,0.0247802734375,2495.6644031145966,13.971155288077483,0.0467529296875,1384.4691994338618,9.649043505139161,2495.6644031145966,1.0182077403442236e-08,0.99999999999592,0.01995849609375,1946,True,59.225293799972235,50.30995617317594,0.0,farside
-28.260032363701665,-89.47265625,7,799.5,133.8075803166678,0.2037379327793301,0.0950899954264395,0.3352272218004222,0.45325834332431925,0.6043117092447841,0.00018310546875,35.16250762295934,16.12732198322511,0.00048828125,14.634171722368364,5.036409498019566,35.16250762295934,1.7317844935860194e-09,0.9999999999507491,0.00018310546875,92,True,59.22529380006868,52.16610354777753,0.0,nearside
-36.128474948427154,-89.16992187500001,3,655.0,108.34779991691171,0.16928250182744298,0.08202491328657059,0.2801263444887085,0.381569130792789,0.6425561661737094,6.103515625e-05,0.8985760609191438,0.8985760609191438,6.103515625e-05,0.44928803009906915,0.44928803009906915,0.8985760609191438,7.210054775441677e-10,0.9999999991976133,6.103515625e-05,41,True,59.225293799972235,47.83609001573806,0.0,nearside
40.00950383082666,-88.564453125,24,874.5,194.68525340318777,0.13763326875469023,0.06814082613461746,0.22771838207673226,0.2754154102096964,0.39393957476617514,0.0,0.0,0.0,0.0,0.0,0.0,0.0,0.0,1.0,0.0,0,True,59.225293800165126,45.36289191073173,0.0,nearside
-29.86573638555707,-87.48828125,5,264.5,54.74236092383285,0.0948404049818704,0.05312561679609516,0.16555271463770269,0.2524693688328821,0.4794049519645262,0.0,0.0,0.0,0.0,0.0,0.0,0.0,0.0,1.0,0.0,0,True,59.225293799972235,51.35986065178534,0.0,nearside
-2.769746663798468,-84.892578125,14,840.0,174.2096183729581,0.21059875415395896,0.13051343485081798,0.38914909154877136,0.6028385648441381,0.8438930183567499,0.01885986328125,1110.693221876033,33.86692665066684,0.01605224609375,855.9008431215555,22.17214112302736,1110.693221876033,1.6055828680805462e-05,0.9999999855443173,0.0218505859375,2000,False,59.22529379998429,59.15610632466752,0.0,nearside
18.160694467641463,-84.72460937500001,19,996.5,236.91807992530502,0.14839017192884044,0.08889126384302838,0.25805991788819277,0.4501902081425165,0.5874005305684397,0.0001220703125,5.48101643208112,3.827005477360373,0.00018310546875,2.7405082155657965,1.9135027383487113,5.48101643208112,9.495266795056523e-10,0.9999999998267608,6.103515625e-05,44,True,59.22529380006868,56.27505053119334,0.0,nearside
-36.128474948427154,-83.57226562499999,3,1396.5,359.8640628508681,0.2101675517746333,0.091477132778294,0.3268734017935607,0.42706864042275294,0.6535471861684986,0.00018310546875,17.278168554086356,8.827005477416023,0.00030517578125,8.639084276145411,4.413502738249406,17.278168554086356,1.795918080915726e-09,0.9999999998960586,6.103515625e-05,45,True,59.225293799972235,47.83609001573806,0.0,nearside
4.732929733319391,-83.15625000000001,15,426.5,81.13051849183788,0.09048384150656463,0.046939869907660275,0.1525796704106062,0.2275955807919418,0.321748884732843,0.0,0.0,0.0,0.0,0.0,0.0,0.0,0.0,1.0,0.0,0,True,59.22529380002046,59.023343218537704,0.0,nearside
-17.326249227274616,-81.09375,10,303.0,51.183704334323856,0.09949116829659896,0.06509932946733887,0.18170078849292104,0.32953002883637406,0.4824482935048461,0.0,0.0,0.0,0.0,0.0,0.0,0.0,0.0,1.0,0.0,0,True,59.225293799972235,56.53791419138726,0.0,nearside
39.13346264888521,-80.775390625,23,568.5,132.4513479300913,0.12704087342526144,0.0749260188015208,0.2262938680177886,0.3616376560251814,0.4911620910160062,0.0,0.0,0.0,0.0,0.0,0.0,0.0,0.0,1.0,0.0,0,True,59.225293799972235,45.9397538305037,0.0,nearside
-50.18634058551348,-80.25390625,1,391.5,75.6904681798156,0.09702159963762873,0.061465790277902554,0.17819923323622464,0.29719119123051146,0.554259512041156,0.0,7.477104949704923,3.619276237426231,0.000244140625,3.738552474205335,1.8096381183995618,7.477104949704923,1.2942535931870225e-09,0.9999999998269045,0.0,44,True,59.225293799972235,37.921531650907745,0.0,nearside
15.199349518928132,-79.35546875,17,230.5,47.978259272534004,0.08966881536859513,0.06036506078647271,0.1717870647546231,0.28556018697848956,0.4124079073151007,0.0,0.0,0.0,0.0,0.0,0.0,0.0,0.0,1.0,0.0,0,True,59.225293799972235,57.15356169566894,0.0,nearside
-37.20400040774718,-78.8671875,2,1689.5,450.20225527330115,0.2590626071336399,0.16183866489771823,0.49460204648658734,0.5981038035082384,0.8559945141422566,0.01678466796875,607.2573612468768,31.608635572820624,0.0101318359375,285.5670511695113,13.626426710174883,607.2573612468768,2.426347123218875e-09,0.9999999999960044,0.01556396484375,177,True,59.225293799972235,47.17221820553796,0.0,nearside
-28.21697271744572,-78.076171875,8,1259.5,354.52673153468106,0.2074920383516351,0.09940528175517914,0.3488106625361357,0.4411976131250298,0.5374566008937062,0.0,3.481016432248069,2.327005477416023,0.00018310546875,1.7405082156213894,1.1635027383720171,3.481016432248069,1.005290073408105e-09,0.9999999997112079,0.0,43,True,59.225293799972235,52.1871630139244,0.0,nearside
-18.96317492817754,-77.85937499999999,9,1289.5,338.843253751702,0.22646276674283697,0.1038636205996287,0.35821869074952967,0.48962754380749846,0.6698834834902021,0.00164794921875,60.987880862274835,8.827005477416023,0.0009765625,31.062059373527063,4.572449137459898,60.987880862274835,1.6153336446222966e-09,0.9999999999735139,0.00140380859375,99,True,59.225293799972235,56.01099668506489,0.0,nearside
-16.10129022673427,-77.77734375,12,1150.0,277.3196430212457,0.16877010454069824,0.07810621437116791,0.2774446594777494,0.35328172975471467,0.445748129872392,0.0,1.3350252767429396,1.1675126383714698,0.0001220703125,0.6675126378360687,0.5837563187175192,1.3350252767429396,1.0708021136451862e-09,0.9999999991979163,0.0,41,True,59.225293799972235,56.90205781911358,0.0,nearside
40.00950383082666,-77.69335937500001,24,1342.5,379.1798345159742,0.31484529687309604,0.12203520848850623,0.46190033468429437,0.5349402616122994,0.663693608317872,0.00274658203125,378.0515923132555,10.825611367507793,0.0076904296875,190.34368555665083,5.4128056837537315,378.0515923132555,2.3595880804805347e-09,0.9999999999937585,0.00128173828125,159,True,59.225293800165126,45.36289191073173,0.0,nearside
-31.017135333423887,-77.275390625,4,1168.0,238.60366318633575,0.22372100672524234,0.09107736930012582,0.3449513091709311,0.4346773675206099,0.5968072855027248,6.103515625e-05,12.848318939687157,7.827005477416023,0.0003662109375,6.424159469175038,3.913502738301304,12.848318939687157,1.3357173145323031e-09,0.9999999998960395,6.103515625e-05,45,True,59.225293799972235,50.75686039409525,0.0,nearside
31.84621225618417,-74.990234375,22,193.0,9.743528146078877,0.05393686215374138,0.05162836847521025,0.09406869793282926,0.2871565957302505,0.5997498526654825,6.103515625e-05,6.154010954832046,3.327005477416023,0.0001220703125,3.0770054765275745,1.6635027382276348,6.154010954832046,1.7768968518794281e-09,0.999999999711262,6.103515625e-05,43,True,59.225293799972235,50.30995617317594,0.0,nearside
26.63684539668393,-74.818359375,20,142.0,13.800979737235965,0.048830856784909095,0.04229319060310122,0.08666345592754442,0.2352413669229948,0.4507139058972628,0.0,0.0,0.0,0.0,0.0,0.0,0.0,0.0,1.0,0.0,0,True,59.225293799972235,52.93948298066018,0.0,nearside
-28.260032363701665,-73.814453125,7,1036.5,206.5342102580668,0.13995676034465335,0.06699912930370457,0.2280951233975355,0.32740773987139027,0.4940860448780243,0.0,0.0,0.0,0.0,0.0,0.0,0.0,0.0,1.0,0.0,0,True,59.22529380006868,52.16610354777753,0.0,nearside
-2.769746663798468,-72.77734375,14,778.0,193.5678363504091,0.19495393042656053,0.12328425283955435,0.3746372987000144,0.5128717937318502,0.6586244701322554,0.00201416015625,51.3614329719557,7.327005477409067,0.00177001953125,29.49190231870999,5.660338810742246,51.3614329719557,6.015298481543141e-09,0.999999999882883,0.00189208984375,263,True,59.22529379998429,59.15610632466752,0.0,nearside
-17.326249227274616,-72.16015624999999,10,652.0,130.03627284967558,0.11328900741273956,0.05662049094143035,0.18868825309359438,0.2588511528577518,0.3833751429394358,0.0,0.0,0.0,0.0,0.0,0.0,0.0,0.0,1.0,0.0,0,True,59.225293799972235,56.53791419138726,0.0,nearside
-31.017135333423887,-72.138671875,4,629.0,171.45434516357454,0.13182664921919665,0.06206746375882994,0.21666147733122582,0.2857013070096652,0.35346784003949094,0.0,0.0,0.0,0.0,0.0,0.0,0.0,0.0,1.0,0.0,0,True,59.225293799972235,50.75686039409525,0.0,nearside
18.160694467641463,-72.033203125,19,115.5,9.764309130659248,0.046579675857213905,0.03810272227447223,0.0865181362796315,0.21536508227948897,0.37156915341131436,0.0,0.0,0.0,0.0,0.0,0.0,0.0,0.0,1.0,0.0,0,True,59.22529380006868,56.27505053119334,0.0,nearside
-28.21697271744572,-70.853515625,8,541.0,103.97536591064451,0.11880883831541444,0.060970055458742525,0.2008932748906339,0.27156591744082553,0.38993716707559245,0.0,0.0,0.0,0.0,0.0,0.0,0.0,0.0,1.0,0.0,0,True,59.225293799972235,52.1871630139244,0.0,nearside
-28.719831063654787,-70.025390625,6,685.5,126.51850812815877,0.12047378377030808,0.08554704223792702,0.19998864953382642,0.4934478270786243,0.7821658226776633,0.00177001953125,110.6037368455405,13.530970767240344,0.00225830078125,60.861515886240056,10.990508216123828,110.6037368455405,3.0042066612168128e-09,0.9999999999728381,0.002197265625,253,True,59.225293799972235,51.93939208450547,0.0,nearside
-50.18634058551348,-68.79296875000001,1,157.5,29.988243297027044,0.06504994784871795,0.0369111243865352,0.11265390966345905,0.17551748216536317,0.3108837395912228,0.0,0.0,0.0,0.0,0.0,0.0,0.0,0.0,1.0,0.0,0,True,59.225293799972235,37.921531650907745,0.0,nearside
39.13346264888521,-68.39062500000001,23,159.0,11.45068106899955,0.04934127763062334,0.05702118721632619,0.0839333125336697,0.3663928142378161,0.5669615191597642,0.0,9.473778472047439,3.827005477416023,0.000244140625,4.736889235203307,1.913502738376792,9.473778472047439,1.6408243652676902e-09,0.9999999998268035,0.0,44,True,59.225293799972235,45.9397538305037,0.0,nearside
-31.017135333423887,-68.17578125,4,360.5,62.902824801047245,0.10656825638134321,0.05964247294406754,0.18465429127289365,0.28841377508312527,0.43241789195072466,0.0,0.0,0.0,0.0,0.0,0.0,0.0,0.0,1.0,0.0,0,True,59.225293799972235,50.75686039409525,0.0,nearside
-16.271460111541803,-66.38671875,11,709.5,163.6069791172299,0.14419472227121366,0.1351229675031913,0.3865792421419122,0.4955880191220237,0.5961915736835376,0.000244140625,20.024649820622635,6.827005477416023,0.00054931640625,10.012324909270546,3.413502738353145,20.024649820622635,2.081542049836571e-09,0.999999999896051,0.00018310546875,45,True,59.225293799972235,56.85302330631578,0.0,nearside
-28.719831063654787,-66.134765625,6,542.5,115.97594171628043,0.08805396113213239,0.04851352879227223,0.15260475409095192,0.22827467182562905,0.4350750468507015,0.0,0.0,0.0,0.0,0.0,0.0,0.0,0.0,1.0,0.0,0,True,59.225293799972235,51.93939208450547,0.0,nearside
40.00950383082666,-62.97265625,24,147.5,22.76104006517317,0.06023107894268564,0.05187809605211841,0.11827502932551769,0.2707081876680327,0.46541371910456997,0.0,0.8270054773047235,0.8270054773047235,6.103515625e-05,0.4135027383204033,0.4135027383204033,0.8270054773047235,6.639169214395224e-10,0.9999999991972037,0.0,41,True,59.225293800165126,45.36289191073173,0.0,nearside
15.199349518928132,-61.69140625,17,128.5,8.30239954034113,0.04435662897863157,0.037572218988422786,0.07902431206593907,0.20568780182548363,0.4164492581839509,0.0,0.0,0.0,0.0,0.0,0.0,0.0,0.0,1.0,0.0,0,True,59.225293799972235,57.15356169566894,0.0,nearside
-17.326249227274616,-59.61328125,10,553.5,134.13528760377744,0.11131328404112151,0.06695447461624761,0.20496332234496709,0.30448753842028914,0.5837143404910345,6.103515625e-05,0.8270054774160229,0.8270054774160229,6.103515625e-05,0.41350273837639406,0.41350273837639406,0.8270054774160229,6.632348004131927e-10,0.9999999991980285,6.103515625e-05,41,True,59.225293799972235,56.53791419138726,0.0,nearside
18.160694467641463,-59.3203125,19,89.0,7.965098242742015,0.038274410287827895,0.02901935969994223,0.06737493242899462,0.13944363448084854,0.4045150857720405,0.0,6.058591687002888,3.529295843501444,0.0001220703125,3.029295842976353,1.7646479214449755,6.058591687002888,1.050182163453428e-09,0.9999999998266623,0.0,44,True,59.22529380006868,56.27505053119334,0.0,nearside
-28.719831063654787,-58.841796875,6,1110.5,208.01272420691575,0.23403033724917638,0.13856052686041842,0.45000152441221664,0.56700846020471,0.8258971601103242,0.00799560546875,416.00858216193285,11.530970767240344,0.0101318359375,209.37065989662233,5.765485383620103,416.00858216193285,5.465796704129389e-09,0.9999999999868613,0.007568359375,98,True,59.225293799972235,51.93939208450547,0.0,nearside
-16.10129022673427,-57.22265625,12,1452.5,443.7907028915352,0.20774886557846212,0.12751828237721105,0.40559176616280845,0.4733826969783068,0.5934998176373133,0.0001220703125,52.67472032973101,11.66751263837147,0.0010986328125,25.822828048191468,5.833756318821884,52.67472032973101,3.1690134960626892e-09,0.999999999939838,6.103515625e-05,46,True,59.225293799972235,56.90205781911358,0.0,nearside
18.160694467641463,-55.189453125,19,97.5,6.356292322998661,0.038204790477774496,0.029881368576427682,0.06546138261580502,0.1278547320679645,0.6885951720191048,0.000244140625,181.21260264172366,47.029295843501444,0.000244140625,36.934886986596666,36.934886986596666,181.21260264172366,6.6128791331721e-10,0.9999999999963508,0.0,43,True,59.22529380006868,56.27505053119334,0.0,nearside
40.00950383082666,-54.283203125,24,126.5,15.413425039401545,0.04711670493721451,0.05028621057188793,0.08095607092734539,0.28633897777523365,0.5302613619408563,0.0,0.0,0.0,0.0,0.0,0.0,0.0,0.0,1.0,0.0,0,True,59.225293800165126,45.36289191073173,0.0,nearside
-50.18634058551348,-53.748046875,1,2011.5,623.5210581282921,0.31782820482169105,0.1878832059059652,0.5267654376017411,0.6053900041650154,0.9434918779167782,0.02142333984375,1165.4222311881397,38.32700547741602,0.02056884765625,566.2602237634405,25.876142386240417,1165.4222311881397,3.0368880743480986e-09,0.9999999999973942,0.01751708984375,269,True,59.225293799972235,37.921531650907745,0.0,nearside
-18.96317492817754,-53.466796875,9,478.5,95.84538171693815,0.11385333444816347,0.08453623561310074,0.24573251611986852,0.36738762063691904,0.5094439934952739,0.0,3.654010954832046,1.827005477416023,0.0001220703125,1.8270054765368968,0.9135027382684484,3.654010954832046,1.7582522104930831e-09,0.9999999995188158,0.0,42,True,59.225293799972235,56.01099668506489,0.0,nearside
-17.326249227274616,-53.041015625,10,415.0,87.02299748203716,0.08537071095064247,0.05675560409334872,0.16619940367056812,0.2599249436917078,0.37750758959371644,0.0,0.0,0.0,0.0,0.0,0.0,0.0,0.0,1.0,0.0,0,True,59.225293799972235,56.53791419138726,0.0,nearside
15.199349518928132,-52.921875000000014,17,271.0,51.48332592461724,0.058271794561787035,0.041847564613591896,0.10936589138874415,0.2109530437641401,0.39873807949874757,0.0,0.0,0.0,0.0,0.0,0.0,0.0,0.0,1.0,0.0,0,True,59.225293799972235,57.15356169566894,0.0,nearside
-28.260032363701665,-52.302734375,7,1075.5,232.2915436714123,0.16459513388848754,0.0892477335903742,0.29574249216668286,0.3813603692123927,0.7580798546090268,0.0001220703125,26.72795499495458,8.327005477360373,0.00042724609375,13.36397749608821,4.163502738247416,26.72795499495458,2.7781581479757733e-09,0.9999999998960579,6.103515625e-05,45,True,59.22529380006868,52.16610354777753,0.0,nearside
12.379652013084048,-51.349609375,16,1832.5,325.085875047814,0.1980320093939847,0.2006763305488129,0.5665335486884145,0.6620808507308031,0.7714352312734548,0.08935546875,700.6444015217859,16.121579621332046,0.01171875,347.1603794847256,8.060789810665938,700.6444015217859,3.120547376056493e-09,0.9999999999955462,0.08917236328125,228,True,59.22529380002046,57.84821556094966,0.0,nearside
26.63684539668393,-50.033203125,20,1917.0,363.1020030331032,0.24996252820961307,0.18040988936543575,0.5434475767634488,0.67342482980809,0.8231518658222405,0.07061767578125,1291.7301800063779,17.45391832015908,0.02813720703125,917.2172584453308,17.557611918557996,1291.7301800063779,4.906289916561946e-07,0.9999999996201768,0.0726318359375,2000,False,59.225293799972235,52.93948298066018,0.0,nearside
-37.20400040774718,-49.66015625,2,741.5,191.58132846639984,0.14036531863135623,0.06998555976648152,0.23037682036459395,0.3188525562294621,0.4108409786530563,0.0,0.0,0.0,0.0,0.0,0.0,0.0,0.0,1.0,0.0,0,True,59.225293799972235,47.17221820553796,0.0,nearside
39.13346264888521,-48.67578125,23,84.5,10.862491890191748,0.04407813250764253,0.034589546668360484,0.07905615642750821,0.19213731143334575,0.4033193415599011,0.0,0.0,0.0,0.0,0.0,0.0,0.0,0.0,1.0,0.0,0,True,59.225293799972235,45.9397538305037,0.0,nearside
-37.20400040774718,-48.552734375,2,401.5,88.64719121136574,0.0886113148863741,0.054816413073860544,0.15941240910667787,0.2650604077330224,0.3633085201963398,0.0,0.0,0.0,0.0,0.0,0.0,0.0,0.0,1.0,0.0,0,True,59.225293799972235,47.17221820553796,0.0,nearside
-28.21697271744572,-48.546875,8,1365.0,297.58125765036,0.21316837435549996,0.10728498109837006,0.36114969813152203,0.44412219047286994,0.5122793231425923,0.0,13.768076350621868,3.3880069409656244,0.00067138671875,6.884038173322807,1.6940034699936177,13.768076350621868,3.9762539927323814e-09,0.9999999997111976,0.0,43,True,59.225293799972235,52.1871630139244,0.0,nearside
-2.769746663798468,-47.8046875,14,135.0,8.098105047771998,0.04487464686214708,0.041015375785313175,0.07783880485142196,0.2485326155353968,0.4424004812483795,0.0,21.887864256151815,21.887864256151815,6.103515625e-05,6.335557085542632,6.335557085542632,21.887864256151815,6.785683126508957e-10,0.999999999968998,0.0,45,True,59.22529379998429,59.15610632466752,0.0,nearside
31.74338426056943,-41.6015625,21,86.5,11.07082263127699,0.04850713461683986,0.03906107348727705,0.0860550999489087,0.1987425596394806,0.5088435314802467,0.0,0.0,0.0,0.0,0.0,0.0,0.0,0.0,1.0,0.0,0,True,59.225293799972235,50.36595855401552,0.0,nearside
-36.128474948427154,-40.30859375,3,594.0,76.7627126415508,0.11083977655984228,0.09239298323383227,0.2625423058175735,0.38450610105441374,0.5302280509849968,0.0,0.0,0.0,0.0,0.0,0.0,0.0,0.0,1.0,0.0,0,True,59.225293799972235,47.83609001573806,0.0,nearside
-8.485307680663237,-39.212890625,13,130.5,9.1884681671924,0.04394418861529663,0.041709843206154604,0.07728445616931087,0.20241256373756458,0.5558731337388666,0.0,0.0,0.0,0.0,0.0,0.0,0.0,0.0,1.0,0.0,0,True,59.22529380002046,58.576997951376875,0.0,nearside
39.13346264888521,-38.34375,23,257.0,39.42748656610506,0.06600405654287184,0.051545905632645404,0.12127897851792507,0.2961103053903553,0.5433015579533974,0.0,4.99276203979937,4.99276203979937,6.103515625e-05,2.496381019467208,2.496381019467208,4.99276203979937,8.649543303818064e-10,0.9999999998267584,0.0,44,True,59.225293799972235,45.9397538305037,0.0,nearside
31.84621225618417,-36.853515625,22,79.5,14.007880006435752,0.03976045778233167,0.02636018329349516,0.07095858876378464,0.1312102194859967,0.3473457940234213,0.0,0.0,0.0,0.0,0.0,0.0,0.0,0.0,1.0,0.0,0,True,59.225293799972235,50.30995617317594,0.0,nearside
31.74338426056943,-36.84765625,21,211.0,17.54993839137629,0.051373555072995084,0.06603068374515131,0.0833594084871486,0.4776897816803113,0.6529207062390796,0.0009765625,48.818757224328465,15.438841914333047,0.00079345703125,24.545466235095773,7.719420957166221,48.818757224328465,1.801403470835794e-09,0.9999999999631002,0.00079345703125,91,True,59.225293799972235,50.36595855401552,0.0,nearside
-50.18634058551348,-36.28515625,1,498.5,103.68601052949826,0.11427703333872788,0.069298772808076,0.206110578838616,0.33614075057468673,0.539578913287389,0.0,11.81203861168854,2.619276237426231,0.00067138671875,5.906019304139022,1.3096381183349877,11.81203861168854,3.4110065882941853e-09,0.9999999997112262,0.0,43,True,59.225293799972235,37.921531650907745,0.0,nearside
-31.017135333423887,-35.85546875,4,1315.0,292.9418612667853,0.21253957424712724,0.10226651149376932,0.3456100327900639,0.4304806867899692,0.6658298931504644,0.00018310546875,93.20148515011533,28.827005477416023,0.00067138671875,29.746511400789245,19.772563117909613,93.20148515011533,1.726963461123887e-09,0.9999999999814706,6.103515625e-05,92,True,59.225293799972235,50.75686039409525,0.0,nearside
31.84621225618417,-35.220703125,22,139.5,18.34947335242041,0.05340456264143416,0.03759949828124226,0.09925111360311857,0.18912255736023215,0.3821086848891182,0.0,0.0,0.0,0.0,0.0,0.0,0.0,0.0,1.0,0.0,0,True,59.225293799972235,50.30995617317594,0.0,nearside
-28.719831063654787,-34.205078125,6,358.5,30.661362088592742,0.051953019983501735,0.05410106536428867,0.11368853116582757,0.2829789686650596,0.4673004550852384,0.0,0.0,0.0,0.0,0.0,0.0,0.0,0.0,1.0,0.0,0,True,59.225293799972235,51.93939208450547,0.0,nearside
-18.96317492817754,-33.0,9,241.5,27.96400527811766,0.06815483089074051,0.0700978771474385,0.1601860595688958,0.3417562651640895,0.5740107756605205,0.0,0.0,0.0,0.0,0.0,0.0,0.0,0.0,1.0,0.0,0,True,59.225293799972235,56.01099668506489,0.0,nearside
-16.10129022673427,-32.52734375,12,159.0,12.193113328477457,0.048194971183940026,0.045430430007731594,0.08544609567453479,0.26986045777913076,0.399163123251419,0.0,0.0,0.0,0.0,0.0,0.0,0.0,0.0,1.0,0.0,0,True,59.225293799972235,56.90205781911358,0.0,nearside
-28.719831063654787,-31.75,6,952.0,288.9645091166143,0.16682732795200467,0.09857686604911739,0.3141784211571152,0.3745166583168829,0.48564920491240016,0.0,7.981016432248069,4.827005477416023,0.00018310546875,3.990508215432328,2.413502738289708,7.981016432248069,1.3834124956701999e-09,0.9999999998266621,0.0,44,True,59.225293799972235,51.93939208450547,0.0,nearside
15.199349518928132,-29.25390625,17,1266.0,174.5085593145145,0.14951614824473064,0.1391052925976959,0.38113716389727664,0.5763241544387626,0.6919281150861055,0.00994873046875,86.65829578046524,5.827005477416023,0.00408935546875,62.508918621874614,5.06751369146275,86.65829578046524,4.915889917356253e-09,0.9999999999432727,0.01007080078125,671,True,59.225293799972235,57.15356169566894,0.0,nearside
-28.719831063654787,-29.0625,6,226.5,36.57693926336761,0.06664894095178277,0.041091582404467454,0.12061808229959332,0.1868899968838453,0.38854962252183367,0.0,0.0,0.0,0.0,0.0,0.0,0.0,0.0,1.0,0.0,0,True,59.225293799972235,51.93939208450547,0.0,nearside
31.74338426056943,-28.92578125,21,159.0,32.106236045847645,0.04531576212180953,0.02718592993322476,0.08119375317876751,0.12994401382575274,0.22486099629301295,0.0,0.0,0.0,0.0,0.0,0.0,0.0,0.0,1.0,0.0,0,True,59.225293799972235,50.36595855401552,0.0,nearside
-29.86573638555707,-28.587890625,5,292.5,16.387716667948368,0.04807844870472588,0.057670121490803763,0.08230647506326669,0.3838864788876626,0.5394530180686131,0.0,0.0,0.0,0.0,0.0,0.0,0.0,0.0,1.0,0.0,0,True,59.225293799972235,51.35986065178534,0.0,nearside
15.434838190832078,-27.876953125,18,708.5,101.13189390015054,0.11175606540715294,0.06306574399956762,0.19531334248275953,0.30396171682469997,0.4537440162257225,0.0,0.0,0.0,0.0,0.0,0.0,0.0,0.0,1.0,0.0,0,True,59.225293799972235,57.08925996074565,0.0,nearside
-28.21697271744572,-26.99609375,8,1194.0,196.1036927044456,0.18934354166355816,0.11497862576668476,0.37797752651931704,0.4963087012613458,0.6422376586634769,0.00054931640625,103.97515123769413,17.888006940965624,0.0013427734375,51.98757561690172,8.944003470148118,103.97515123769413,3.89069043649215e-09,0.9999999999625806,0.00018310546875,47,True,59.225293799972235,52.1871630139244,0.0,nearside
39.13346264888521,-26.970703125,23,154.0,15.17789691279755,0.05334632830127238,0.05475026310403489,0.09337516347093718,0.3339808641071307,0.4703424681231158,0.0,0.0,0.0,0.0,0.0,0.0,0.0,0.0,1.0,0.0,0,True,59.225293799972235,45.9397538305037,0.0,nearside
-50.18634058551348,-25.705078125,1,420.5,90.54295073520599,0.12299808820390123,0.07206645058226185,0.22258655161314847,0.3259733383156851,0.5651778962841203,0.0,5.119276237426231,5.119276237426231,6.103515625e-05,2.5596381182696746,2.5596381182696746,5.119276237426231,8.86881679207363e-10,0.9999999998267565,0.0,44,True,59.225293799972235,37.921531650907745,0.0,nearside
18.160694467641463,-25.353515625,19,203.5,23.87482300038661,0.06292775528518484,0.06070023253652055,0.1438346402842054,0.2904402159898151,0.5224347259363603,0.0,0.0,0.0,0.0,0.0,0.0,0.0,0.0,1.0,0.0,0,True,59.22529380006868,56.27505053119334,0.0,nearside
40.00950383082666,-24.404296875,24,57.0,8.95704653019523,0.05261950023280504,0.03156059735680321,0.09378395679175,0.15478068892728875,0.2702058340103492,0.0,0.0,0.0,0.0,0.0,0.0,0.0,0.0,1.0,0.0,0,True,59.225293800165126,45.36289191073173,0.0,nearside
-29.86573638555707,-24.380859375,5,715.5,95.35151116970654,0.0987158022849216,0.05899743387861867,0.17221298003511554,0.2998798604462662,0.4741990242045712,0.0,0.0,0.0,0.0,0.0,0.0,0.0,0.0,1.0,0.0,0,True,59.225293799972235,51.35986065178534,0.0,nearside
-28.260032363701665,-24.123046875,7,414.0,65.1039793637498,0.10266501294358424,0.09300262641167881,0.25480091904747276,0.365782333613178,0.49837130251978967,0.0,4.100633011729471,1.4001582529323677,0.000244140625,2.0503165048783103,0.7000791261293671,4.100633011729471,1.9728503275473486e-09,0.9999999995188913,0.0,42,True,59.22529380006868,52.16610354777753,0.0,nearside
15.434838190832078,-22.73828125,18,1617.0,271.2212302367545,0.20598644716797251,0.14380074476153698,0.44865930019358546,0.5570747177759012,0.7330770810125427,0.00494384765625,305.50324470794544,23.059497002649763,0.00543212890625,149.39899905201537,12.560879437658286,305.50324470794544,1.8150103642256e-09,0.999999999994059,0.00408935546875,94,True,59.225293799972235,57.08925996074565,0.0,nearside
-17.326249227274616,-22.099609375,10,145.0,12.700998440559559,0.04522126476880155,0.05115242169470681,0.07812883385549894,0.29750637354209347,0.4382678365117303,0.0,54.90925797797115,15.377623511569553,0.000244140625,11.698809811888623,11.698809811888623,54.90925797797115,8.979696985988994e-10,0.9999999999836463,0.0,42,True,59.225293799972235,56.53791419138726,0.0,nearside
-28.21697271744572,-21.361328125,8,315.5,30.446710399777082,0.05068850657122809,0.059919411178253626,0.08879986734258198,0.3420774393473194,1.2073779107558436,0.00048828125,374.299048209977,366.9300248367633,0.00030517578125,78.22011704317401,74.5356053576329,374.299048209977,2.1287434037731146e-09,0.9999999999943128,0.00018310546875,43,True,59.225293799972235,52.1871630139244,0.0,nearside
-16.271460111541803,-20.48828125,11,129.0,13.32568174891721,0.051122805798240245,0.04442028230704932,0.09580078973040786,0.2380557292679174,0.5333244095923628,0.0,0.0,0.0,0.0,0.0,0.0,0.0,0.0,1.0,0.0,0,True,59.225293799972235,56.85302330631578,0.0,nearside
-29.86573638555707,-20.4765625,5,444.5,67.45246229890434,0.09330692242515273,0.08434226650695276,0.2076784323992011,0.38693386303190347,0.7501947640069904,0.000244140625,162.25009216659163,45.865360403919865,0.00030517578125,34.71729753940235,34.53461733746144,162.25009216659163,7.85483678100718e-10,0.9999999999951588,0.0,45,True,59.225293799972235,51.35986065178534,0.0,nearside
26.63684539668393,-19.294921875,20,145.5,24.904793916159807,0.050092390300812806,0.030792634393483505,0.08976951026795452,0.1504351660119413,0.29646659492473887,0.0,0.0,0.0,0.0,0.0,0.0,0.0,0.0,1.0,0.0,0,True,59.225293799972235,52.93948298066018,0.0,nearside
-36.128474948427154,-18.763671875,3,554.5,120.14957885947614,0.12955367504460094,0.08196832522908941,0.2599154738345922,0.35058933916229906,0.542040642648093,0.0,0.0,0.0,0.0,0.0,0.0,0.0,0.0,1.0,0.0,0,True,59.225293799972235,47.83609001573806,0.0,nearside
15.199349518928132,-17.921875,17,160.0,19.21575127170131,0.07431006512108052,0.06569773740302877,0.1458910376601952,0.34485619894887726,0.5227324801759418,0.0,0.0,0.0,0.0,0.0,0.0,0.0,0.0,1.0,0.0,0,True,59.225293799972235,57.15356169566894,0.0,nearside
18.160694467641463,-15.55859375,19,124.5,20.807322032694547,0.0445825282879421,0.030970433083555828,0.0803251609464178,0.15391795154534388,0.36361756855454863,0.0,0.0,0.0,0.0,0.0,0.0,0.0,0.0,1.0,0.0,0,True,59.22529380006868,56.27505053119334,0.0,nearside
-28.719831063654787,-15.544921875,6,402.0,52.243380697085975,0.07415565331877007,0.07174962654279403,0.1358470494206884,0.4021800584714841,0.6203314874560465,0.00018310546875,52.433590741364824,8.530970767240344,0.0008544921875,26.21679536795773,4.265485383176838,52.433590741364824,5.449358297937579e-09,0.9999999998960712,0.0,45,True,59.225293799972235,51.93939208450547,0.0,nearside
-18.96317492817754,-13.515625,9,137.0,29.356311874819855,0.0455288203942409,0.028268467197016357,0.08216537183655762,0.13229586956743358,0.27093901876193016,0.0,0.0,0.0,0.0,0.0,0.0,0.0,0.0,1.0,0.0,0,True,59.225293799972235,56.01099668506489,0.0,nearside
40.00950383082666,-12.830078125,24,450.0,40.80549467396724,0.07813644573080565,0.11244536688010578,0.15017716691224342,0.6180956461186582,0.8560278378045851,0.02252197265625,438.89551902175697,16.327005477304724,0.01983642578125,501.2402138588395,16.75658741166535,438.89551902175697,3.715554441896529e-08,0.999999999915343,0.0272216796875,1544,True,59.225293800165126,45.36289191073173,0.0,nearside
-36.128474948427154,-11.33984375,3,718.0,133.18259351944312,0.12979377615016097,0.08807309976236809,0.2621452608538917,0.3821051742644642,0.5801673685841064,6.103515625e-05,16.99288030459572,6.898576060919144,0.00030517578125,8.496440151414745,3.4492880301010302,16.99288030459572,1.7663488449670695e-09,0.9999999998960536,0.0,45,True,59.225293799972235,47.83609001573806,0.0,nearside
-2.769746663798468,-11.330078125,14,439.5,81.94387997159112,0.08346911746343225,0.07476283086423206,0.1860528320352995,0.34770057772498325,0.49460433963518274,0.0,0.0,0.0,0.0,0.0,0.0,0.0,0.0,1.0,0.0,0,True,59.22529379998429,59.15610632466752,0.0,nearside
15.199349518928132,-10.3203125,17,813.0,161.82829191220722,0.1458234824672048,0.08746287568414253,0.26544916041317784,0.4103267655246664,0.6177274061227923,0.000244140625,24.93897998541113,10.522394901599021,0.0003662109375,12.469489991927787,5.2611974504714,24.93897998541113,1.5555556842627993e-09,0.9999999999376256,0.0,46,True,59.225293799972235,57.15356169566894,0.0,nearside
-37.20400040774718,-10.01953125,2,650.5,68.65149511081364,0.10707868656449046,0.08646303603430677,0.2040123866457605,0.4294367272054232,0.7158474634813649,0.00213623046875,29.150714677969596,4.281630095404601,0.00115966796875,15.399198886922353,2.1408150477023327,29.150714677969596,2.1493704593922303e-09,0.999999999926267,0.0020751953125,161,True,59.225293799972235,47.17221820553796,0.0,nearside
15.434838190832078,-10.009765625,18,393.5,71.0646052640474,0.08017319188438125,0.0414492931574555,0.13548730798628902,0.19839606905524715,0.2655751507464816,0.0,0.0,0.0,0.0,0.0,0.0,0.0,0.0,1.0,0.0,0,True,59.225293799972235,57.08925996074565,0.0,nearside
-36.128474948427154,-9.873046875,3,468.5,73.051885030261,0.12519566258373158,0.10064949411508615,0.2619211467032627,0.49728721500318296,0.9373509111094219,0.001708984375,253.39895655035792,59.89857606091914,0.00128173828125,64.77861287325936,45.72454673203458,253.39895655035792,1.9862760325395357e-09,0.9999999999921615,0.0013427734375,96,True,59.225293799972235,47.83609001573806,0.0,nearside
4.732929733319391,-8.81640625,15,466.0,89.80916454972443,0.09124242802804439,0.05786524325546759,0.16329911598467745,0.2995427140322993,0.44505969496531167,0.0,3.887061925807501,2.4435309629037505,0.0001220703125,1.9435309623426065,1.221765481099112,3.887061925807501,1.122288040278363e-09,0.999999999711276,0.0,43,True,59.22529380002046,59.023343218537704,0.0,nearside
-8.485307680663237,-8.470703125,13,724.0,227.5596851816586,0.13611225838968916,0.10186109007621993,0.265001207156577,0.4653144000260465,0.5886731111445737,6.103515625e-05,5.201072182055547,5.201072182055547,6.103515625e-05,2.6005360905771795,2.6005360905771795,5.201072182055547,9.011884571918927e-10,0.9999999998267303,0.0,44,True,59.22529380002046,58.576997951376875,0.0,nearside
-50.18634058551348,-7.9921875,1,207.0,17.775613986779916,0.07049495121398813,0.05944152629169508,0.13902173683095315,0.3178343631504501,0.5108040460660548,0.0,5.119276237426231,5.119276237426231,6.103515625e-05,2.559638118269504,2.559638118269504,5.119276237426231,8.872227397205279e-10,0.9999999998266899,0.0,44,True,59.225293799972235,37.921531650907745,0.0,nearside
-36.128474948427154,-7.345703125,3,464.0,121.03227945440472,0.11518349157766211,0.06262549786244509,0.19980965018979574,0.2912491621793846,0.41525623030161485,0.0,0.0,0.0,0.0,0.0,0.0,0.0,0.0,1.0,0.0,0,True,59.225293799972235,47.83609001573806,0.0,nearside
-28.260032363701665,-7.291015625,7,298.5,50.35835356328166,0.09722048294623586,0.06361576642511829,0.18146834498235181,0.3029981359718374,0.5167994754511952,0.0,0.0,0.0,0.0,0.0,0.0,0.0,0.0,1.0,0.0,0,True,59.22529380006868,52.16610354777753,0.0,nearside
39.13346264888521,-6.751953125,23,153.0,12.464756006237158,0.04625305686287568,0.03366749145731367,0.08459859895137312,0.16853579373025718,0.3731166429748866,0.0,0.0,0.0,0.0,0.0,0.0,0.0,0.0,1.0,0.0,0,True,59.225293799972235,45.9397538305037,0.0,nearside
-50.18634058551348,-6.73046875,1,138.0,15.455345688047318,0.059844113830943485,0.05103373342702743,0.11742243761757558,0.2618348477875902,0.4910796826770601,0.0,0.0,0.0,0.0,0.0,0.0,0.0,0.0,1.0,0.0,0,True,59.225293799972235,37.921531650907745,0.0,nearside
15.199349518928132,-5.951171875,17,1300.0,288.37644077124236,0.18863829974615298,0.10231232756258409,0.3440399363697753,0.4746030875573986,0.5555850805155971,0.0,17.65676431119315,5.5223949015990215,0.00042724609375,8.828382154066958,2.761197450321106,17.65676431119315,3.0592346433877537e-09,0.9999999998267387,0.0,44,True,59.225293799972235,57.15356169566894,0.0,nearside
4.732929733319391,-5.71875,15,442.5,76.66920159029746,0.12478369246502315,0.07620236474378525,0.22204184418949327,0.3738641571700468,0.5978876998363012,6.103515625e-05,10.1011293290032,4.9435309629037505,0.00030517578125,5.050564663626574,2.471765481023567,10.1011293290032,1.7500525473224116e-09,0.9999999998267468,6.103515625e-05,44,True,59.22529380002046,59.023343218537704,0.0,nearside
4.732929733319391,-5.203125,15,352.5,38.698676621280065,0.06137202198060406,0.05904879954818229,0.14196932206510382,0.2832565933263044,0.5845145008520026,6.103515625e-05,0.4435309629037505,0.4435309629037505,6.103515625e-05,0.2217654809577425,0.2217654809577425,0.4435309629037505,9.88265469459293e-10,0.999999997771823,6.103515625e-05,39,True,59.22529380002046,59.023343218537704,0.0,nearside
26.63684539668393,-4.939453125,20,590.5,122.82206206266935,0.1375165356936413,0.084589070934481,0.2642273736896285,0.38217252581939465,0.4724957476977732,0.0,0.0,0.0,0.0,0.0,0.0,0.0,0.0,1.0,0.0,0,True,59.225293799972235,52.93948298066018,0.0,nearside
-8.485307680663237,-4.67578125,13,593.0,136.83708558712723,0.1890726248914586,0.1124114028368917,0.351449564206855,0.4802931443920547,0.704751220021679,0.0001220703125,61.67382686694021,34.05615531888749,0.00079345703125,22.885042722855907,9.931111601551493,61.67382686694021,3.3977585189859383e-09,0.9999999999449076,0.0001220703125,45,True,59.22529380002046,58.576997951376875,0.0,nearside
-18.96317492817754,-3.19140625,9,749.5,156.03895955215037,0.18290561835761013,0.10283753755184515,0.3255673474315806,0.45902987734160083,0.6696395461781728,0.00042724609375,92.85971790522149,13.681654912717562,0.0015869140625,46.77068640727464,9.022482367965665,92.85971790522149,4.214427917759167e-09,0.9999999999546151,0.00054931640625,178,True,59.225293799972235,56.01099668506489,0.0,nearside
15.434838190832078,-2.013671875,18,383.0,62.14085477830589,0.11813422973615845,0.06803831063674319,0.21513555599649337,0.3034608888026489,0.4259384419263893,0.0,0.0,0.0,0.0,0.0,0.0,0.0,0.0,1.0,0.0,0,True,59.225293799972235,57.08925996074565,0.0,nearside
-16.271460111541803,-0.76953125,11,796.0,187.82773341040374,0.14236640993446809,0.07976099672575393,0.24003541958544522,0.3771673337796354,1.734177577944894,0.000244140625,511.4372331638553,508.5456220593437,0.00042724609375,118.22993988035881,116.78413432810208,511.4372331638553,2.2678463551528694e-09,0.9999999999955658,0.00018310546875,180,True,59.225293799972235,56.85302330631578,0.0,nearside
31.84621225618417,-0.537109375,22,128.0,16.452258983164135,0.08619257661713345,0.05945911358510629,0.1682165862701833,0.27453624550966316,0.46704431277651326,0.0,0.0,0.0,0.0,0.0,0.0,0.0,0.0,1.0,0.0,0,True,59.225293799972235,50.30995617317594,0.0,nearside
-50.18634058551348,0.123046875,1,545.0,67.39148056773159,0.10950696359797038,0.109554475824489,0.2286882072998872,0.509530443253019,0.734834725028716,0.00091552734375,84.74001582322396,13.327005477416023,0.00140380859375,42.098269137005104,8.868701535548325,84.74001582322396,2.6049704615616065e-09,0.9999999999692593,0.0008544921875,103,True,59.225293799972235,37.921531650907745,0.0,nearside
26.63684539668393,0.9355468750000284,20,93.0,13.856196802162286,0.0509458874184357,0.03814060794850796,0.09453465791171616,0.20052860920314244,0.36906004627452915,0.0,0.0,0.0,0.0,0.0,0.0,0.0,0.0,1.0,0.0,0,True,59.225293799972235,52.93948298066018,0.0,nearside
12.379652013084048,1.12109375,16,157.5,20.95789708937958,0.048492403032648075,0.03781230832038855,0.08757707329387528,0.1967401033887754,0.5063698329566219,0.0,1.121579621332046,1.121579621332046,6.103515625e-05,0.5607898102161926,0.5607898102161926,1.121579621332046,8.996607903100085e-10,0.9999999991978628,0.0,41,True,59.22529380002046,57.84821556094966,0.0,nearside
-37.20400040774718,1.302734375,2,1567.0,254.96211229318584,0.21709896260796527,0.15302907812398955,0.4657053274110931,0.5501615854774538,0.7314236045239408,0.0050048828125,341.52756727766524,19.7816300954046,0.00555419921875,172.63309894775512,10.948296761226516,341.52756727766524,6.810623176534136e-09,0.9999999999800584,0.00408935546875,101,True,59.225293799972235,47.17221820553796,0.0,nearside
12.379652013084048,1.318359375,16,170.0,26.76861566606774,0.05849016537407278,0.050650812351134944,0.10904938430087051,0.2895576221695233,0.41172780496571054,0.0,0.0,0.0,0.0,0.0,0.0,0.0,0.0,1.0,0.0,0,True,59.22529380002046,57.84821556094966,0.0,nearside
-37.20400040774718,1.837890625,2,2228.0,590.653388932582,0.286794176351563,0.09140464127714501,0.39682273515362426,0.5020291285098014,2.1903367131153653,0.00152587890625,1171.0832874124237,420.71727114564123,0.00244140625,270.8443208819215,148.1953976182599,1171.0832874124237,3.167507145462878e-09,0.9999999999972953,0.00128173828125,247,True,59.225293799972235,47.17221820553796,0.0,nearside
-16.10129022673427,2.9570312500000284,12,558.5,123.3887412404536,0.11910377008137826,0.06374472508402947,0.20718433056180507,0.2862523277576239,0.44636770370174395,0.0,1.1675126383714698,1.1675126383714698,6.103515625e-05,0.5837563187175192,0.5837563187175192,1.1675126383714698,9.364313768855936e-10,0.9999999991979261,0.0,41,True,59.225293799972235,56.90205781911358,0.0,nearside
4.732929733319391,3.6347656249999716,15,871.5,189.81767685854132,0.11743596009012336,0.06989103551598334,0.21246128503009218,0.33259061005691826,0.4306426097475474,0.0,0.0,0.0,0.0,0.0,0.0,0.0,0.0,1.0,0.0,0,True,59.22529380002046,59.023343218537704,0.0,nearside
4.732929733319391,4.6640625,15,204.5,28.62730910610879,0.06655539902717197,0.05958720015285082,0.1325863722150648,0.31095883752694703,0.566391417762201,0.0,0.0,0.0,0.0,0.0,0.0,0.0,0.0,1.0,0.0,0,True,59.22529380002046,59.023343218537704,0.0,nearside
39.13346264888521,5.371093750000028,23,810.0,192.54084862073873,0.12128842006720242,0.07355382257471821,0.22431686031268994,0.3335394235265528,0.5281842215014317,0.0,0.0,0.0,0.0,0.0,0.0,0.0,0.0,1.0,0.0,0,True,59.225293799972235,45.9397538305037,0.0,nearside
12.379652013084048,6.052734375,16,304.5,43.9753336338715,0.07259000908538263,0.05223080000587696,0.1439159913323862,0.24480125711911183,0.4424661897835848,0.0,0.0,0.0,0.0,0.0,0.0,0.0,0.0,1.0,0.0,0,True,59.22529380002046,57.84821556094966,0.0,nearside
12.379652013084048,6.2890625,16,340.5,73.61080306464287,0.08387667863008108,0.049022402382076675,0.14879017698475908,0.21751119675572764,0.4498752204066625,0.0,0.0,0.0,0.0,0.0,0.0,0.0,0.0,1.0,0.0,0,True,59.22529380002046,57.84821556094966,0.0,nearside
4.732929733319391,6.626953125,15,212.5,26.435471269480406,0.07711922784662376,0.057496583433295945,0.14084886496076165,0.29036545074158676,0.5314837200817567,0.0,0.0,0.0,0.0,0.0,0.0,0.0,0.0,1.0,0.0,0,True,59.22529380002046,59.023343218537704,0.0,nearside
-28.719831063654787,7.6953125,6,370.0,76.67006029099649,0.10187422082634918,0.06491905935580124,0.17738382582366738,0.34058763969416816,0.5548093731006614,0.0,6.030970767240344,6.030970767240344,6.103515625e-05,3.0154853833066966,3.015485383306725,6.030970767240344,6.269225139021728e-10,0.9999999998960495,0.0,45,True,59.225293799972235,51.93939208450547,0.0,nearside
-28.21697271744572,10.607421875,8,2579.0,533.9834803264654,0.2899325354826376,0.1610760712175279,0.507079509581457,0.5968749818538439,0.8261544583561985,0.0169677734375,869.9462471566981,35.388006940965624,0.01104736328125,411.99699902018665,21.63174113533718,869.9462471566981,2.196689052880174e-09,0.9999999999974749,0.01593017578125,102,True,59.225293799972235,52.1871630139244,0.0,nearside
-2.769746663798468,10.8359375,14,160.0,33.51441239927434,0.06392609729376897,0.04508599325150646,0.1195563190215758,0.22884830163691416,0.34853670161685724,0.0,0.0,0.0,0.0,0.0,0.0,0.0,0.0,1.0,0.0,0,True,59.22529379998429,59.15610632466752,0.0,nearside
-8.485307680663237,10.939453125,13,1888.0,296.3429889194617,0.18655122741727656,0.1882236320898139,0.5383259023125694,0.6592858783718204,0.9929102106892128,0.05487060546875,1992.7938750982235,29.827005477388198,0.0462646484375,1608.7762980126786,31.238327669053206,1992.7938750982235,0.06296429181751506,0.9999684040117724,0.0616455078125,2000,False,59.22529380002046,58.576997951376875,0.0,nearside
-37.20400040774718,11.042968750000028,2,892.0,226.7887679554806,0.15312142814805818,0.07802471851920856,0.25107078596477556,0.35642491526434766,0.5766043475377247,0.0,6.6265203816184055,4.281630095404601,0.000244140625,3.3132601902351837,2.140815047331415,6.6265203816184055,1.148038109022309e-09,0.999999999826751,0.0,44,True,59.225293799972235,47.17221820553796,0.0,nearside
-29.86573638555707,15.734375,5,2310.5,479.8651043147591,0.29347366937973957,0.10171684157390444,0.4288343143872402,0.5162913443610667,0.8198917832716943,0.001708984375,406.97851756454713,27.865360403919862,0.00665283203125,218.91214201186415,18.048040604713606,406.97851756454713,3.5273295395654714e-09,0.9999999999913329,0.00115966796875,179,True,59.225293799972235,51.35986065178534,0.0,nearside
18.160694467641463,15.84765625,19,128.0,19.391862330278116,0.05289439044726585,0.04673856291160693,0.09666858435278189,0.26711558275989095,0.43883274310553516,0.0,0.0,0.0,0.0,0.0,0.0,0.0,0.0,1.0,0.0,0,True,59.22529380006868,56.27505053119334,0.0,nearside
-31.017135333423887,17.25390625,4,387.0,69.19288500708879,0.10246665247314932,0.05618106619526669,0.17490447709794849,0.2773288153872494,0.45088774162003314,0.0,0.7132915526070427,0.7132915526070427,6.103515625e-05,0.3566457758267916,0.3566457758267916,0.7132915526070427,9.534595335480844e-10,0.9999999986632961,0.0,40,True,59.225293799972235,50.75686039409525,0.0,nearside
15.199349518928132,17.755859375,17,1574.0,321.32100738385043,0.1917726950050401,0.09297572128513498,0.32106770305309645,0.401556685394838,0.5408091058050118,0.0,7.111974507995107,3.0223949015990215,0.00030517578125,3.555987252970965,1.51119745036317,7.111974507995107,2.0535182443381927e-09,0.9999999997112591,0.0,43,True,59.225293799972235,57.15356169566894,0.0,nearside
40.00950383082666,17.890625,24,547.5,93.79404090273461,0.17316610786169856,0.08841407119304188,0.2884670238852099,0.38593926466320777,0.46127974330008376,0.0,0.0,0.0,0.0,0.0,0.0,0.0,0.0,1.0,0.0,0,True,59.225293800165126,45.36289191073173,0.0,nearside
-29.86573638555707,18.51171875,5,1274.0,296.2888371064706,0.20892766638460952,0.10820617690175617,0.3624733296112801,0.4558649606481383,0.6106484785636412,0.00018310546875,62.44203200766064,6.865360403919862,0.0018310546875,31.801185408304036,3.4326802019597835,62.44203200766064,1.8038939231246331e-09,0.9999999999711109,6.103515625e-05,96,True,59.225293799972235,51.35986065178534,0.0,nearside
39.13346264888521,19.09570312500003,23,475.5,72.12880703350879,0.12300443046329665,0.08239054217584707,0.23877635866932462,0.3824809517268598,0.5347108324445711,0.0,0.0,0.0,0.0,0.0,0.0,0.0,0.0,1.0,0.0,0,True,59.225293799972235,45.9397538305037,0.0,nearside
-16.271460111541803,19.998046875,11,448.5,74.99968628971111,0.09040053958135938,0.06048118739196196,0.17136179820012035,0.28699114837087714,0.417193881212955,0.0,0.0,0.0,0.0,0.0,0.0,0.0,0.0,1.0,0.0,0,True,59.225293799972235,56.85302330631578,0.0,nearside
31.84621225618417,20.33203125,22,72.0,6.227748991137908,0.030386027956893706,0.02622384644015682,0.05280215150420977,0.1312102194859967,0.3371799747072947,0.0,0.0,0.0,0.0,0.0,0.0,0.0,0.0,1.0,0.0,0,True,59.225293799972235,50.30995617317594,0.0,nearside
-29.86573638555707,21.46484375,5,585.5,148.51722979857163,0.12299573784806914,0.07020941060875832,0.21756777865658117,0.30451071720972894,0.48775327571565874,0.0,1.865360403919862,1.865360403919862,6.103515625e-05,0.9326802015111753,0.9326802015111753,1.865360403919862,8.975113985343341e-10,0.9999999995188537,0.0,42,True,59.225293799972235,51.35986065178534,0.0,nearside
12.379652013084048,23.271484375,16,1093.5,155.96134161897697,0.15452579967805946,0.17557798524881552,0.5110805885751948,0.6339688244811741,0.7925349326401119,0.03924560546875,1068.749183372758,17.327005477388198,0.03167724609375,879.9856016595609,18.869905321049373,1068.749183372758,1.1574059044505702e-08,0.9999999999891704,0.04364013671875,1323,True,59.22529380002046,57.84821556094966,0.0,nearside
39.13346264888521,23.791015625,23,141.0,21.76646560777695,0.052976740329203326,0.04555258160085735,0.10077313886174515,0.2468268814125061,0.39358137640434543,0.0,0.0,0.0,0.0,0.0,0.0,0.0,0.0,1.0,0.0,0,True,59.225293799972235,45.9397538305037,0.0,nearside
12.379652013084048,24.533203125,16,117.5,14.626707456101919,0.05120948068820371,0.04193112900201712,0.09438887337018763,0.20310146496145698,0.5619862730635162,0.0,0.8270054773881981,0.8270054773881981,6.103515625e-05,0.4135027383624674,0.4135027383624674,0.8270054773881981,6.632632221226231e-10,0.9999999991979942,0.0,41,True,59.22529380002046,57.84821556094966,0.0,nearside
-28.21697271744572,25.98828125,8,376.0,76.06603726729998,0.07945478385370891,0.05046409199840906,0.14936834487678127,0.21877090226263987,0.3785397113387847,0.0,0.0,0.0,0.0,0.0,0.0,0.0,0.0,1.0,0.0,0,True,59.225293799972235,52.1871630139244,0.0,nearside
-16.10129022673427,26.125,12,1712.5,339.0676985813792,0.1904088617095751,0.07834263627868132,0.2978379567170992,0.37534549163218156,0.6335559081382989,6.103515625e-05,3.337563191857349,1.6675126383714698,0.00030517578125,1.6687815951256084,0.8337563187845376,3.337563191857349,1.6061321161942033e-09,0.999999999518771,6.103515625e-05,42,True,59.225293799972235,56.90205781911358,0.0,nearside
26.63684539668393,27.08789062499997,20,59.0,7.950811749490056,0.04306704331848804,0.02729118350760956,0.07675140010072792,0.13221813845871033,0.3797578917025182,0.0,5.4539183201590795,5.4539183201590795,6.103515625e-05,2.726959159607304,2.726959159607304,5.4539183201590795,9.444711679407192e-10,0.9999999998268271,0.0,44,True,59.225293799972235,52.93948298066018,0.0,nearside
-28.260032363701665,27.30859375,7,1128.0,291.9100932306098,0.19061233005855677,0.07865124306075998,0.2930611614356395,0.3548923095793946,0.5106659103806528,0.0,0.0,0.0,0.0,0.0,0.0,0.0,0.0,1.0,0.0,0,True,59.22529380006868,52.16610354777753,0.0,nearside
31.74338426056943,28.314453125,21,417.5,38.39483645502241,0.07552415380392088,0.0875437470445423,0.18697511015947083,0.40025857910524765,0.5616724822415325,0.0,28.071893400331327,8.438841914333047,0.00042724609375,14.035946698706084,4.219420956727845,28.071893400331327,2.9191582484600076e-09,0.9999999998960114,0.0,45,True,59.225293799972235,50.36595855401552,0.0,nearside
-16.10129022673427,28.55078125,12,493.5,75.14216413027675,0.12981259154922664,0.10036007679810094,0.2900771589744968,0.42014436729763194,0.5998084683982327,6.103515625e-05,7.154010954832046,5.827005477416023,0.0001220703125,3.5770054770441675,2.9135027384049863,7.154010954832046,7.437108706653817e-10,0.9999999998960428,6.103515625e-05,45,True,59.225293799972235,56.90205781911358,0.0,nearside
-18.96317492817754,28.91210937500003,9,1221.0,270.1016180192823,0.18970664783592606,0.11981317031884317,0.3825182356064679,0.512202293236117,0.6477155584001592,0.00164794921875,280.05150975777894,21.681654912717562,0.00494384765625,144.45004981094655,10.840827456358511,280.05150975777894,2.320817316103785e-09,0.9999999999917129,0.0008544921875,158,True,59.225293799972235,56.01099668506489,0.0,nearside
-31.017135333423887,29.765625,4,2248.0,539.9410310813473,0.3121261010996136,0.11412171371908243,0.45672182714402293,0.5189929906271399,0.6281787405856312,0.0010986328125,149.06015273181305,8.827005477416023,0.0030517578125,72.38880987435732,4.684831893557202,149.06015273181305,1.4755496380303157e-08,0.9999999999010097,0.0009765625,45,True,59.225293799972235,50.75686039409525,0.0,nearside
15.434838190832078,29.779296875,18,192.0,28.351145028556626,0.0496449855796636,0.0376781737493472,0.0881346755868027,0.21650784666091463,0.3703874493232827,0.0,0.0,0.0,0.0,0.0,0.0,0.0,0.0,1.0,0.0,0,True,59.225293799972235,57.08925996074565,0.0,nearside
-28.21697271744572,33.220703125,8,994.0,156.2941507675782,0.11430341844516409,0.06546998547849306,0.1903957855864322,0.3687121135127173,0.5047653619718997,0.0,65.9300248367633,65.9300248367633,6.103515625e-05,14.248205259679821,14.248205259679708,65.9300248367633,7.65680852055084e-10,0.9999999999883865,0.0,43,True,59.225293799972235,52.1871630139244,0.0,nearside
26.63684539668393,33.521484375,20,260.0,41.03979367533978,0.09524322608957045,0.0703725954853602,0.1960992380457165,0.3112557182332757,0.5591845287041421,0.0,0.0,0.0,0.0,0.0,0.0,0.0,0.0,1.0,0.0,0,True,59.225293799972235,52.93948298066018,0.0,nearside
18.160694467641463,33.6328125,19,1061.0,177.99144007276925,0.11460056244488417,0.06167722066093376,0.20257617307017745,0.2754185689591279,0.44668349032301286,0.0,0.0,0.0,0.0,0.0,0.0,0.0,0.0,1.0,0.0,0,True,59.22529380006868,56.27505053119334,0.0,nearside
-36.128474948427154,34.50390624999997,3,587.5,153.04811963309572,0.12002452906292607,0.06118093293355068,0.2090430898425831,0.2751712265835302,0.350712235280438,0.0,0.0,0.0,0.0,0.0,0.0,0.0,0.0,1.0,0.0,0,True,59.225293799972235,47.83609001573806,0.0,nearside
4.732929733319391,34.7890625,15,380.5,39.162582318017776,0.08013488938446045,0.07134473665750592,0.17773492594461332,0.3494422539995237,0.55791135276024,0.0,6.597541917680147,6.597541917680147,6.103515625e-05,2.0513761764329956,2.0513761764329956,6.597541917680147,6.67895960759779e-10,0.999999999898766,0.0,43,True,59.22529380002046,59.023343218537704,0.0,nearside
-28.719831063654787,35.69335937500003,6,2713.0,786.1182999121041,0.37263435941160217,0.17567700015402693,0.5727405774958322,0.6409628366268134,0.8725659840204227,0.09002685546875,2376.2890905867575,27.030970767240344,0.08929443359375,2511.9752604030546,24.309590844592435,2376.2890905867575,1.0796853536067097,0.9995456422546046,0.1112060546875,2000,False,59.225293799972235,51.93939208450547,0.0,nearside
-36.128474948427154,35.771484375,3,1204.0,219.91498608791238,0.21886984602410525,0.08434238074461432,0.3222795971447101,0.4108923276739157,1.275886295233634,0.000244140625,269.9738967368438,263.45116307667035,0.0003662109375,64.84820680892216,61.58683997883543,269.9738967368438,1.8144454827506706e-09,0.9999999999932792,6.103515625e-05,103,True,59.225293799972235,47.83609001573806,0.0,nearside
31.84621225618417,36.138671875,22,904.5,190.41513183352174,0.1320373678347927,0.09551032772125813,0.28147733794124596,0.37698481319742894,0.564101741629018,0.0,6.471155288077483,6.471155288077483,6.103515625e-05,3.2355776437022996,3.2355776437022996,6.471155288077483,6.728839707648149e-10,0.999999999896018,0.0,45,True,59.225293799972235,50.30995617317594,0.0,nearside
26.63684539668393,36.548828125,20,1487.5,358.6478685929173,0.24040892029063465,0.1264006129881923,0.4519283849178942,0.535446179012434,0.7864770753736497,0.00189208984375,90.36833109182342,12.327005477416023,0.00250244140625,50.848515308905576,11.127005476429417,90.36833109182342,3.2013858231039194e-09,0.999999999964574,0.0015869140625,278,True,59.225293799972235,52.93948298066018,0.0,nearside
15.199349518928132,38.02539062500003,17,163.0,15.885699109643827,0.05792126712197116,0.05356181147233602,0.10708093820174586,0.3019813387132416,0.5016178165969863,0.0,4.5223949015990215,4.5223949015990215,6.103515625e-05,2.2611974504077352,2.261197450407849,4.5223949015990215,7.834373150217289e-10,0.9999999998267649,0.0,44,True,59.225293799972235,57.15356169566894,0.0,nearside
-37.20400040774718,38.142578125,2,556.0,144.6397383062979,0.1356452672718227,0.07592666750798029,0.2372715479790332,0.34449108654344274,0.5926389643281363,6.103515625e-05,2.5632601908092028,2.2816300954046014,0.0001220703125,1.2816300950345578,1.1408150473729108,2.5632601908092028,7.400942081403628e-10,0.9999999997112684,6.103515625e-05,43,True,59.225293799972235,47.17221820553796,0.0,nearside
-16.271460111541803,38.2578125,11,263.5,33.93921982834622,0.0656132243069869,0.06379916851727267,0.1339742386156791,0.34698683265741626,0.5674518862512495,0.0,7.891611104511597,6.195805552255798,0.0001220703125,3.9458055518452966,3.097902775805778,7.891611104511597,8.210037094613654e-10,0.999999999895965,0.0,45,True,59.225293799972235,56.85302330631578,0.0,nearside
-29.86573638555707,38.748046875,5,666.5,154.77883044448137,0.13157485893986598,0.052402358385440224,0.19783865357336666,0.26364911874002683,0.4154877243215201,0.0,14.057726285255747,6.365360403919862,0.00018310546875,4.0169227020851395,4.0169227020851395,14.057726285255747,9.930083422204916e-10,0.9999999999293621,0.0,43,True,59.225293799972235,51.35986065178534,0.0,nearside
-29.86573638555707,39.97265625000003,5,1924.0,469.77033209231877,0.24294652478121673,0.07993119829080388,0.34769527554204016,0.4195744997081481,0.5602476679855559,0.0,2.230720807839724,1.865360403919862,0.0001220703125,1.1153604033831925,0.9326802015109479,2.230720807839724,1.0733387512118497e-09,0.9999999995188377,0.0,42,True,59.225293799972235,51.35986065178534,0.0,nearside
-31.017135333423887,40.22265625000003,4,1933.5,599.6879493892644,0.2749139117827478,0.11106416071059014,0.4105086275204053,0.47951600883360274,0.663181024635466,0.0003662109375,108.64434696515693,10.827005477416023,0.00225830078125,54.988840147752406,5.413502738707962,108.64434696515693,2.985075298056472e-09,0.9999999999725243,0.0001220703125,101,True,59.225293799972235,50.75686039409525,0.0,nearside
31.74338426056943,40.326171875,21,1063.0,156.11717595527816,0.14492673146581675,0.08000707106864659,0.2526718274569623,0.39575600511790754,0.5830734864117624,6.103515625e-05,6.827005477416023,6.827005477416023,6.103515625e-05,3.413502738353202,3.413502738353202,6.827005477416023,7.096190302036121e-10,0.999999999896057,0.0,45,True,59.225293799972235,50.36595855401552,0.0,nearside
26.63684539668393,40.734375,20,1466.5,265.8406685603645,0.19450310214909866,0.11176349272602189,0.35121587363247414,0.4487815213159969,0.5743871236976517,0.0,25.993101521749875,5.9539183201590795,0.00067138671875,12.99655075952387,2.9769591597701037,25.993101521749875,2.7021336279631214e-09,0.9999999998960442,0.0,45,True,59.225293799972235,52.93948298066018,0.0,nearside
12.379652013084048,41.01953125,16,186.5,25.4612353857751,0.05582773770540898,0.04066418934131214,0.10635221695848435,0.1950223403959908,0.49576404366322485,0.0,79.39717019744049,22.327005477388198,0.000244140625,16.892302175997656,16.892302175997656,79.39717019744049,9.190586069962592e-10,0.9999999999884246,0.0,43,True,59.22529380002046,57.84821556094966,0.0,nearside
-16.10129022673427,41.587890625,12,1980.5,395.67770839806826,0.3093583750652291,0.15059450140602873,0.5188090660902498,0.6041983318714533,0.7199655261676166,0.0247802734375,469.0242625804053,18.327005477416023,0.00732421875,236.6225128107693,10.023764651299075,469.0242625804053,5.981306117064378e-09,0.9999999999872473,0.0240478515625,172,True,59.225293799972235,56.90205781911358,0.0,nearside
12.379652013084048,41.95703125,16,870.0,140.13925103523727,0.14979201117200275,0.09313767173891299,0.28316051258242886,0.39165819288272713,0.5311036842107564,0.0,8.481016432164594,6.327005477388198,0.00018310546875,4.240508215641512,3.1635027383652528,8.481016432164594,8.815703722575563e-10,0.9999999998960537,0.0,45,True,59.22529380002046,57.84821556094966,0.0,nearside
31.74338426056943,42.82617187500003,21,1464.0,288.72400662468004,0.24896607016124528,0.10848897966482293,0.41496494774057396,0.5051350539547361,0.7046816197722614,0.00091552734375,44.10977146732246,10.327005477416023,0.0010986328125,21.33894062915388,5.16350273870799,44.10977146732246,2.3168738039203163e-09,0.9999999999474748,0.00079345703125,99,True,59.225293799972235,50.36595855401552,0.0,nearside
-28.260032363701665,44.220703125,7,1609.0,417.073615224027,0.23115803892038764,0.0739042825807388,0.32298820189118477,0.41397009273476504,0.5060762614050267,0.0,6.400949517594206,2.4001582529323677,0.0003662109375,3.2004747578725983,1.2000791261198174,6.400949517594206,1.8490098341317207e-09,0.9999999997111351,0.0,43,True,59.22529380006868,52.16610354777753,0.0,nearside
31.84621225618417,44.310546875,22,152.5,24.47027360423254,0.055250659663845604,0.03570261618226519,0.10058519032683523,0.17440822868520278,0.3194476878619832,0.0,0.0,0.0,0.0,0.0,0.0,0.0,0.0,1.0,0.0,0,True,59.225293799972235,50.30995617317594,0.0,nearside
-16.271460111541803,44.44140625000003,11,638.0,112.73441003572454,0.08228626622722984,0.07072039106395064,0.1971439105396814,0.28702743101905925,0.38491634794322976,0.0,0.0,0.0,0.0,0.0,0.0,0.0,0.0,1.0,0.0,0,True,59.225293799972235,56.85302330631578,0.0,nearside
31.74338426056943,44.640625,21,179.0,19.827856417655383,0.06203035915642173,0.05614121996959904,0.1135932938895391,0.3169569524042021,0.5327460943342874,0.0,3.3776838286660933,2.4388419143330466,0.0001220703125,1.6888419138454083,1.2194209568144743,3.3776838286660933,9.752767482495983e-10,0.9999999997112587,0.0,43,True,59.225293799972235,50.36595855401552,0.0,nearside
-28.21697271744572,44.6640625,8,1438.5,339.4753182478123,0.19239760299101646,0.07992845099639148,0.2931557807615551,0.351497592372282,0.47720859512585106,0.0,6.327005477416023,6.327005477416023,6.103515625e-05,3.1635027383791794,3.1635027383791794,6.327005477416023,6.576641453648335e-10,0.9999999998960545,0.0,45,True,59.225293799972235,52.1871630139244,0.0,nearside
-29.86573638555707,45.22265625,5,1481.0,325.7555898485793,0.21306702860753174,0.11137452844288331,0.38143018787454125,0.48886526165801275,0.7479235353009185,0.00103759765625,195.3489070399845,20.327005477416023,0.00238037109375,100.38788517799935,13.42161718080115,195.3489070399845,2.363464091104106e-09,0.9999999999879013,0.00048828125,180,True,59.225293799972235,51.35986065178534,0.0,nearside
-36.128474948427154,47.53906249999997,3,2519.5,690.2329227601028,0.33869286182892033,0.12449385365129986,0.48242344097679896,0.571949149233277,0.7609599348942535,0.0091552734375,843.6305573977902,35.32700547741602,0.01239013671875,395.4102855274323,23.171644145313394,843.6305573977902,4.655294816302558e-09,0.9999999999944819,0.0067138671875,100,True,59.225293799972235,47.83609001573806,0.0,nearside
-18.96317492817754,47.58984375,9,755.5,147.61298989495006,0.12108096552642497,0.09966739517393203,0.2760365726126147,0.3650885628204728,0.5221893497975014,0.0,0.681654912717562,0.681654912717562,6.103515625e-05,0.3408274559028541,0.3408274559028541,0.681654912717562,9.118537036556518e-10,0.9999999986622943,0.0,40,True,59.225293799972235,56.01099668506489,0.0,nearside
-16.271460111541803,50.306640625,11,338.0,85.7291263939835,0.06967379367667004,0.04910948475823023,0.1413098778323479,0.2101506915939037,0.3848871493939207,0.0,0.0,0.0,0.0,0.0,0.0,0.0,0.0,1.0,0.0,0,True,59.225293799972235,56.85302330631578,0.0,nearside
31.74338426056943,50.962890625,21,1139.5,284.3031873874895,0.21846459940425392,0.1429170606016068,0.45460341571019347,0.5875329792781033,0.7105621519230602,0.01336669921875,613.2897702067825,9.938841914333047,0.02081298828125,481.97810995732306,10.258794210024234,613.2897702067825,1.6071852115828733e-07,0.9999999997379403,0.01556396484375,2000,False,59.225293799972235,50.36595855401552,0.0,nearside
31.74338426056943,51.2109375,21,1231.0,329.54610124919543,0.22924329990814868,0.12884974925540355,0.42748651855952263,0.5474798832582118,0.7160712955014766,0.00347900390625,45.88412269240658,8.827005477416023,0.0013427734375,24.74290837046749,8.027005476420072,45.88412269240658,3.2250540016320883e-09,0.9999999999297131,0.0032958984375,267,True,59.225293799972235,50.36595855401552,0.0,nearside
-17.326249227274616,51.35937499999997,10,507.5,104.42614316142708,0.07855204668676259,0.05881060897616479,0.16642587550307697,0.2577155468491041,0.4036110543047544,0.0,0.0,0.0,0.0,0.0,0.0,0.0,0.0,1.0,0.0,0,True,59.225293799972235,56.53791419138726,0.0,nearside
12.379652013084048,53.423828125,16,749.5,113.24069121520917,0.13963850137369826,0.15364960908319927,0.3320093345357274,0.6885994092122809,1.0274163431752747,0.036865234375,2811.229432616711,40.948585098720244,0.04217529296875,3949.6146696952765,40.73654489186583,2811.229432616711,0.031763589130747505,0.9999887011750936,0.0438232421875,2000,False,59.22529380002046,57.84821556094966,0.0,nearside
4.732929733319391,53.716796875,15,410.5,95.6479064126987,0.13978617476345964,0.08198756316419048,0.2577152569211001,0.3422746090456667,0.494385951069532,0.0,5.8305928887112515,2.4435309629037505,0.00018310546875,2.9152964435143076,1.2217654810992826,5.8305928887112515,1.6826362525534933e-09,0.9999999997114125,0.0,43,True,59.22529380002046,59.023343218537704,0.0,nearside
-17.326249227274616,53.73242187499997,10,322.5,29.510535081226738,0.06309775885423294,0.06825283542274328,0.11620037127316149,0.4011193968099833,0.6820178907436998,0.000244140625,157.90925797797115,157.90925797797115,6.103515625e-05,32.49103488192782,32.4910348819277,157.90925797797115,7.276668156919186e-10,0.9999999999953919,0.0,42,True,59.225293799972235,56.53791419138726,0.0,nearside
-28.719831063654787,54.828125,6,2284.0,538.5921062509693,0.26441760914582924,0.08190996444026731,0.36159834010916725,0.41293622480909525,1.0399971870448028,0.000244140625,234.21595248931274,234.21595248931274,6.103515625e-05,51.605298054571904,51.60529805457145,234.21595248931274,7.770744048229972e-10,0.9999999999966822,0.0,46,True,59.225293799972235,51.93939208450547,0.0,nearside
15.199349518928132,56.35546874999997,17,73.5,6.8457314700874425,0.04450281059375064,0.02995307479261752,0.0803214132875685,0.1543184236817318,0.3047559846933915,0.0,0.0,0.0,0.0,0.0,0.0,0.0,0.0,1.0,0.0,0,True,59.225293799972235,57.15356169566894,0.0,nearside
-17.326249227274616,56.615234375,10,336.0,32.69503763929605,0.08887495335917417,0.08420206603738715,0.20966531258393967,0.3880089685141695,0.4738131813636818,0.0,21.90925797797115,6.877623511569553,0.000244140625,5.036733767256919,5.036733767256919,21.90925797797115,9.981278026316431e-10,0.9999999999544427,0.0,41,True,59.225293799972235,56.53791419138726,0.0,nearside
-28.719831063654787,58.12890625,6,336.0,65.96051131468941,0.08171996745924867,0.054150702327525065,0.1589254759942264,0.2380543904865192,0.3907562506617517,0.0,0.0,0.0,0.0,0.0,0.0,0.0,0.0,1.0,0.0,0,True,59.225293799972235,51.93939208450547,0.0,nearside
-18.96317492817754,58.197265625,9,879.5,256.13852106233924,0.16228748092933534,0.10658883616830915,0.3208993559393709,0.4158718906506605,0.5179183116014778,0.0,12.953239301740496,3.681654912717562,0.00048828125,6.476619649746681,1.8408274560400741,12.953239301740496,2.2444055503001437e-09,0.9999999998267302,0.0,44,True,59.225293799972235,56.01099668506489,0.0,nearside
15.434838190832078,58.875,18,191.0,15.70641068392681,0.05757550632431258,0.06505847793623253,0.10380120368733316,0.3599939355856196,0.623841399833468,0.00091552734375,30.759517877744955,13.059497002649763,0.00067138671875,15.713092271290861,6.52974850132432,30.759517877744955,1.8238353050037404e-09,0.9999999999407067,0.000732421875,96,True,59.225293799972235,57.08925996074565,0.0,nearside
-16.10129022673427,60.2265625,12,260.5,28.163479597627525,0.07783685446409119,0.07367523435038852,0.18018353446220522,0.34673498675027914,0.5859209598110515,6.103515625e-05,53.50761374534323,13.16751263837147,0.00054931640625,26.7538068710046,6.583756318775158,53.50761374534323,3.334029941015615e-09,0.9999999999376905,0.0,46,True,59.225293799972235,56.90205781911358,0.0,nearside
15.434838190832078,60.328125,18,78.0,11.130178285783412,0.04514886214721958,0.03222485758082896,0.08061206330362129,0.16675328983286242,0.3416746917198084,0.0,0.0,0.0,0.0,0.0,0.0,0.0,0.0,1.0,0.0,0,True,59.225293799972235,57.08925996074565,0.0,nearside
-16.10129022673427,60.36328125000003,12,260.5,34.022935211673556,0.09176197144020301,0.0825321852242763,0.20598137908998415,0.395678683586792,0.8655634732071944,0.00030517578125,299.66416261528974,65.66751263837148,0.0008544921875,78.94985158196278,50.61228839187106,299.66416261528974,3.92495991263786e-09,0.9999999999869021,0.0,46,True,59.225293799972235,56.90205781911358,0.0,nearside
-2.769746663798468,60.74999999999997,14,607.5,68.40923398272447,0.10142074602551843,0.1161733755957547,0.22390922693200205,0.5467335712298074,0.662232845855072,0.0040283203125,47.7416528213389,4.866926650666841,0.00286865234375,31.71732332459601,5.300389975999678,47.7416528213389,4.410054543768638e-09,0.9999999999076267,0.00433349609375,491,True,59.22529379998429,59.15610632466752,0.0,nearside
-28.719831063654787,64.07617187499997,6,1407.0,250.68741555113945,0.2222406982294467,0.11168959211869149,0.3833391371581619,0.4803907652942698,0.6239898893392856,0.000244140625,90.5331796370501,14.327005477416023,0.0020751953125,43.041813202141725,7.566599815027075,90.5331796370501,5.182332785125254e-09,0.9999999999427577,0.0001220703125,46,True,59.225293799972235,51.93939208450547,0.0,nearside
26.63684539668393,65.06250000000003,20,2172.5,401.7927414613974,0.25583827841721635,0.11059582148256294,0.3932032301673344,0.5080141474353621,0.7076969293073718,0.000732421875,25.443049296744206,7.327005477416023,0.0006103515625,13.218360719248494,3.663502738707848,25.443049296744206,2.33066543842142e-09,0.9999999999083967,0.0006103515625,98,True,59.225293799972235,52.93948298066018,0.0,nearside
-36.128474948427154,65.11718749999997,3,2085.5,480.95284257865677,0.2987244503802601,0.11151728830777045,0.43472228329706125,0.5723845741935532,0.7950220695704298,0.0084228515625,275.65392523298215,26.827005477416023,0.00653076171875,139.91954903210618,14.085437019169774,275.65392523298215,5.4245923308826605e-09,0.999999999980321,0.00787353515625,254,True,59.225293799972235,47.83609001573806,0.0,nearside
18.160694467641463,65.3515625,19,597.0,120.28356022401601,0.1090340411658432,0.08446203797832191,0.2399979187937057,0.3421593777009812,0.5135360009288933,0.0,0.0,0.0,0.0,0.0,0.0,0.0,0.0,1.0,0.0,0,True,59.22529380006868,56.27505053119334,0.0,nearside
-16.10129022673427,66.673828125,12,1589.5,267.1494819759514,0.21490152350253253,0.17698343336970862,0.5450589306356248,0.6319652977175502,0.868945923002217,0.05712890625,1511.104073233535,26.827005477416023,0.058349609375,2132.184721403332,19.198142189112104,1511.104073233535,0.7568659406508615,0.9994991305006337,0.0738525390625,2000,False,59.225293799972235,56.90205781911358,0.0,nearside
15.434838190832078,67.044921875,18,286.5,46.07557070382056,0.06874086992695819,0.06895780130454536,0.18233189584337747,0.29791801379923166,0.41217682002141764,0.0,0.0,0.0,0.0,0.0,0.0,0.0,0.0,1.0,0.0,0,True,59.225293799972235,57.08925996074565,0.0,nearside
4.732929733319391,67.5,15,718.5,166.70870616814042,0.12360710161154076,0.08076370709079206,0.22627353076722606,0.4014692157655834,1.317011674938495,0.000244140625,195.41273864987903,172.0410728805839,0.00048828125,44.21979785649194,34.77729931392787,195.41273864987903,1.4438938933380996e-09,0.999999999992611,6.103515625e-05,45,True,59.22529380002046,59.023343218537704,0.0,nearside
-28.260032363701665,68.39648437499997,7,425.5,75.03261200371279,0.10140329186456291,0.05747832359977352,0.1784071024741906,0.2694051056213784,0.3534921184738078,0.0,0.0,0.0,0.0,0.0,0.0,0.0,0.0,1.0,0.0,0,True,59.22529380006868,52.16610354777753,0.0,nearside
31.84621225618417,68.931640625,22,858.5,190.20531635182348,0.1415216793222471,0.08121997081705612,0.2529278294549924,0.31892141253982353,0.6227477608217247,6.103515625e-05,35.26931605357099,20.971155288077483,0.00018310546875,12.16769982210127,12.16769982210127,35.26931605357099,9.232223874278134e-10,0.9999999999738236,0.0,46,True,59.225293799972235,50.30995617317594,0.0,nearside
18.160694467641463,69.068359375,19,1802.0,378.06274318658546,0.2242140492422548,0.16630265591208304,0.466478031666506,0.5694947696161415,0.7821588332084474,0.00830078125,1035.060298283848,17.529295843501444,0.01654052734375,559.6115118106545,12.529295843500677,1035.060298283848,5.885709697395214e-09,0.9999999999943137,0.00689697265625,174,True,59.22529380006868,56.27505053119334,0.0,nearside
-36.128474948427154,71.177734375,3,227.5,35.41402927526668,0.07651848126555957,0.04396513751627804,0.13846415110503674,0.19538503876917537,0.28672356732340576,0.0,0.0,0.0,0.0,0.0,0.0,0.0,0.0,1.0,0.0,0,True,59.225293799972235,47.83609001573806,0.0,nearside
-18.96317492817754,71.4609375,9,195.0,30.29650625674121,0.06704228198765771,0.05115057905834552,0.14275950629489312,0.2336315734385137,0.36126979801448966,0.0,0.0,0.0,0.0,0.0,0.0,0.0,0.0,1.0,0.0,0,True,59.225293799972235,56.01099668506489,0.0,nearside
-50.18634058551348,71.5234375,1,209.5,27.008208262286267,0.0736074400379658,0.06372531422035145,0.15140841443936462,0.3253875807578287,0.5801453433506918,6.103515625e-05,13.596381187131154,6.619276237426231,0.00030517578125,6.798190592859555,3.3096381183690937,13.596381187131154,1.412043815207653e-09,0.9999999998961456,6.103515625e-05,45,True,59.225293799972235,37.921531650907745,0.0,nearside
26.63684539668393,71.787109375,20,396.5,51.18220714738851,0.07558109048147774,0.055622359237459514,0.15225532166980096,0.2563994360082939,0.5245014845364677,0.0,7.8617549604772385,4.4539183201590795,0.00018310546875,3.9308774795574664,2.226959159693706,7.8617549604772385,1.362305823704446e-09,0.9999999998267174,0.0,44,True,59.225293799972235,52.93948298066018,0.0,nearside
-16.10129022673427,71.873046875,12,409.0,64.3938974721793,0.09022559949540718,0.0552088564838803,0.16450344349972307,0.2618055799426086,0.35310038531766536,0.0,0.0,0.0,0.0,0.0,0.0,0.0,0.0,1.0,0.0,0,True,59.225293799972235,56.90205781911358,0.0,nearside
-29.86573638555707,72.376953125,5,1004.5,213.00875068038337,0.19213406592446144,0.10715323748323541,0.3471411344264239,0.4747256859427729,0.6478677130709486,0.00048828125,4.557726285255747,2.865360403919862,0.000244140625,2.359032547100469,1.4326802019595561,4.557726285255747,1.803861948701524e-09,0.9999999996042189,0.00048828125,88,True,59.225293799972235,51.35986065178534,0.0,nearside
-50.18634058551348,74.248046875,1,886.5,230.35808298896276,0.13727192360350365,0.08715513019313983,0.2243451059495534,0.45618625610453917,0.5690585023709178,0.0,9.63111590453697,3.827005477416023,0.0003662109375,4.815557951435494,1.913502738376792,9.63111590453697,1.6673453728799359e-09,0.9999999998268794,0.0,44,True,59.225293799972235,37.921531650907745,0.0,nearside
-2.769746663798468,74.75390625,14,2183.5,530.4676863184525,0.25209404289298043,0.08094380975484321,0.3598190743995974,0.4383319642003071,0.5173100622933153,0.0,5.467706602667363,2.3669266506668407,0.000244140625,2.7338533005443537,1.1834633249917488,5.467706602667363,1.5786554286023602e-09,0.9999999997112765,0.0,43,True,59.22529379998429,59.15610632466752,0.0,nearside
-28.719831063654787,77.166015625,6,829.5,169.80352132477745,0.16196931224063077,0.08152697814549266,0.2636975884410229,0.4019812005037492,0.6107067557562507,0.0001220703125,41.433590741364824,11.030970767240344,0.0008544921875,20.716795369390297,5.5154853832762,41.433590741364824,2.5842226136774116e-09,0.9999999999376298,0.0,46,True,59.225293799972235,51.93939208450547,0.0,nearside
40.00950383082666,77.873046875,24,1043.5,260.31472135622266,0.2045388218771681,0.08765327248482306,0.32241720437916727,0.40985675395046484,0.550254004105713,0.0,0.0,0.0,0.0,0.0,0.0,0.0,0.0,1.0,0.0,0,True,59.225293800165126,45.36289191073173,0.0,nearside
31.84621225618417,78.3671875,22,170.0,26.427833038612064,0.09102044101300605,0.07482303851293125,0.20127625228648938,0.3346304684373579,0.55146770341377,0.0,16.76931605357099,8.471155288077483,0.00018310546875,8.38465802591395,4.23557764359839,16.76931605357099,1.7430892285119626e-09,0.9999999998960548,0.0,45,True,59.225293799972235,50.30995617317594,0.0,nearside
18.160694467641463,79.314453125,19,443.0,93.09596581989204,0.140973667992473,0.07008860406327024,0.2422395800778752,0.302266758070248,0.42781161474175866,0.0,0.0,0.0,0.0,0.0,0.0,0.0,0.0,1.0,0.0,0,True,59.22529380006868,56.27505053119334,0.0,nearside
-37.20400040774718,79.552734375,2,1248.5,245.21059741255098,0.2015939480308366,0.14782604319012296,0.43603672008056416,0.4989055137718268,0.7669259354686435,0.00067138671875,147.36184919204553,14.827005477416023,0.0025634765625,75.2286113668548,7.413502738707848,147.36184919204553,3.5089158245682484e-09,0.9999999999761885,0.00054931640625,101,True,59.225293799972235,47.17221820553796,0.0,nearside
-2.769746663798468,81.060546875,14,1452.5,372.79702325745467,0.17213725443342576,0.07207182285609404,0.2647055557924177,0.3502295921669989,0.4553283828532989,0.0,4.866926650666841,4.866926650666841,6.103515625e-05,2.433463324911827,2.433463324911827,4.866926650666841,8.431868536717957e-10,0.9999999998267517,0.0,44,True,59.22529379998429,59.15610632466752,0.0,nearside
15.199349518928132,81.3203125,17,389.5,77.54456101415053,0.106397803280121,0.06396191134632989,0.1920126340353192,0.29036174616314164,0.5254309245228629,0.0,0.0,0.0,0.0,0.0,0.0,0.0,0.0,1.0,0.0,0,True,59.225293799972235,57.15356169566894,0.0,nearside
-2.769746663798468,82.47265625,14,611.5,81.06612951394196,0.09487010021747186,0.0777796572064725,0.16891789641873212,0.42494070825381036,0.4864871194492266,0.0,0.0,0.0,0.0,0.0,0.0,0.0,0.0,1.0,0.0,0,True,59.22529379998429,59.15610632466752,0.0,nearside
-28.21697271744572,82.603515625,8,313.0,33.38992343138725,0.07977506149642853,0.07973061936660883,0.17922758412943668,0.395315431470015,0.6158470817715771,0.00067138671875,16.440034704828122,4.388006940965624,0.00030517578125,8.220017350990474,2.194003470102871,16.440034704828122,2.847173163900152e-09,0.9999999998268146,0.0006103515625,44,True,59.225293799972235,52.1871630139244,0.0,nearside
-29.86573638555707,82.947265625,5,1347.5,262.150416458161,0.29830922327041437,0.10340017120875851,0.4324343660270533,0.5102649146731008,0.6469675142204312,0.0003662109375,99.90524736979015,12.865360403919862,0.0023193359375,48.893202561258704,6.432680201959556,99.90524736979015,1.9614390112110414e-09,0.999999999980367,0.00030517578125,99,True,59.225293799972235,51.35986065178534,0.0,nearside
-28.260032363701665,84.634765625,7,1700.0,338.51391224184505,0.24507233123122904,0.17183329871087424,0.5344328806249841,0.6460214504690098,0.8036622320372507,0.06829833984375,2255.4185917190575,21.900158252932368,0.07037353515625,1838.6665723037963,19.131811930940785,2255.4185917190575,0.03063872139696855,0.9999864155055255,0.08282470703125,2000,False,59.22529380006868,52.16610354777753,0.0,nearside
-18.96317492817754,84.736328125,9,1009.0,218.97215444255764,0.14982152363018814,0.06960906974096825,0.2396349087194716,0.30845681674686104,0.40947695683825436,0.0,0.0,0.0,0.0,0.0,0.0,0.0,0.0,1.0,0.0,0,True,59.225293799972235,56.01099668506489,0.0,nearside
4.732929733319391,86.005859375,15,1384.0,254.0603151155157,0.14171062136047557,0.13241215901065093,0.3663621964008892,0.46293666413410806,0.5980643864177174,0.00018310546875,3.3305928887112515,2.4435309629037505,0.00018310546875,1.6652964438744675,1.2217654810992826,3.3305928887112515,9.62316448749334e-10,0.9999999997110676,0.00018310546875,43,True,59.22529380002046,59.023343218537704,0.0,nearside
4.732929733319391,86.072265625,15,1849.5,399.6862374451025,0.19683573309193153,0.14222094177310643,0.39989283158068034,0.4753466572368851,0.5980643864177174,0.00018310546875,4.274123851615002,2.4435309629037505,0.000244140625,2.13706192519021,1.2217654810992826,4.274123851615002,1.2345822142378893e-09,0.9999999997111496,0.00018310546875,43,True,59.22529380002046,59.023343218537704,0.0,nearside
-28.719831063654787,86.912109375,6,993.5,200.5980097646823,0.15515708713973858,0.09321339456464664,0.28700633874810577,0.40990574408321967,0.6700464451755602,0.00018310546875,18.227939688801147,3.827005477416023,0.00048828125,9.363969843419454,3.32700547643708,18.227939688801147,1.9624657454642147e-09,0.9999999998923375,0.00018310546875,98,True,59.225293799972235,51.93939208450547,0.0,nearside
-17.326249227274616,88.1640625,10,1125.5,215.2700464469723,0.15365441944323882,0.08479229364811272,0.2794690749386225,0.36076603037458166,0.5025305295936556,0.0,14.827005477416023,14.827005477416023,6.103515625e-05,7.413502738245597,7.413502738245597,14.827005477416023,9.248282140106312e-10,0.9999999999376255,0.0,46,True,59.225293799972235,56.53791419138726,0.0,nearside
4.732929733319391,88.5625,15,324.5,60.45733949194077,0.08327392404168527,0.04722505463378456,0.1486705737436615,0.21202211485873332,0.3031783777384262,0.0,0.0,0.0,0.0,0.0,0.0,0.0,0.0,1.0,0.0,0,True,59.22529380002046,59.023343218537704,0.0,nearside
